ISO-10303-21;
HEADER;
/* Generated by software containing ST-Developer
 * from STEP Tools, Inc. (www.steptools.com) 
 */

FILE_DESCRIPTION(
/* description */ (''),
/* implementation_level */ '2;1');

FILE_NAME(
/* name */ 'EcoRover chase.step',
/* time_stamp */ '2026-08-30T11:53:14+03:00',
/* author */ (''),
/* organization */ (''),
/* preprocessor_version */ 'ST-DEVELOPER v20.1',
/* originating_system */ 'Autodesk Translation Framework v15.8.0.0',
/* authorisation */ '');

FILE_SCHEMA (('AUTOMOTIVE_DESIGN { 1 0 10303 214 3 1 1 }'));
ENDSEC;

DATA;
#10=MECHANICAL_DESIGN_GEOMETRIC_PRESENTATION_REPRESENTATION('',(#63,#64,
#65,#66,#67,#68,#69,#70),#3380);
#11=ITEM_DEFINED_TRANSFORMATION($,$,#2173,#2239);
#12=ITEM_DEFINED_TRANSFORMATION($,$,#2185,#2240);
#13=ITEM_DEFINED_TRANSFORMATION($,$,#2192,#2241);
#14=ITEM_DEFINED_TRANSFORMATION($,$,#2208,#2242);
#15=ITEM_DEFINED_TRANSFORMATION($,$,#2232,#2243);
#16=ITEM_DEFINED_TRANSFORMATION($,$,#2245,#2267);
#17=ITEM_DEFINED_TRANSFORMATION($,$,#2144,#2268);
#18=ITEM_DEFINED_TRANSFORMATION($,$,#2172,#2269);
#19=ITEM_DEFINED_TRANSFORMATION($,$,#2244,#2270);
#20=(
REPRESENTATION_RELATIONSHIP($,$,#3417,#3416)
REPRESENTATION_RELATIONSHIP_WITH_TRANSFORMATION(#11)
SHAPE_REPRESENTATION_RELATIONSHIP()
);
#21=(
REPRESENTATION_RELATIONSHIP($,$,#3418,#3416)
REPRESENTATION_RELATIONSHIP_WITH_TRANSFORMATION(#12)
SHAPE_REPRESENTATION_RELATIONSHIP()
);
#22=(
REPRESENTATION_RELATIONSHIP($,$,#3419,#3416)
REPRESENTATION_RELATIONSHIP_WITH_TRANSFORMATION(#13)
SHAPE_REPRESENTATION_RELATIONSHIP()
);
#23=(
REPRESENTATION_RELATIONSHIP($,$,#3420,#3416)
REPRESENTATION_RELATIONSHIP_WITH_TRANSFORMATION(#14)
SHAPE_REPRESENTATION_RELATIONSHIP()
);
#24=(
REPRESENTATION_RELATIONSHIP($,$,#3421,#3416)
REPRESENTATION_RELATIONSHIP_WITH_TRANSFORMATION(#15)
SHAPE_REPRESENTATION_RELATIONSHIP()
);
#25=(
REPRESENTATION_RELATIONSHIP($,$,#3423,#3422)
REPRESENTATION_RELATIONSHIP_WITH_TRANSFORMATION(#16)
SHAPE_REPRESENTATION_RELATIONSHIP()
);
#26=(
REPRESENTATION_RELATIONSHIP($,$,#3415,#3414)
REPRESENTATION_RELATIONSHIP_WITH_TRANSFORMATION(#17)
SHAPE_REPRESENTATION_RELATIONSHIP()
);
#27=(
REPRESENTATION_RELATIONSHIP($,$,#3416,#3414)
REPRESENTATION_RELATIONSHIP_WITH_TRANSFORMATION(#18)
SHAPE_REPRESENTATION_RELATIONSHIP()
);
#28=(
REPRESENTATION_RELATIONSHIP($,$,#3422,#3414)
REPRESENTATION_RELATIONSHIP_WITH_TRANSFORMATION(#19)
SHAPE_REPRESENTATION_RELATIONSHIP()
);
#29=CONTEXT_DEPENDENT_SHAPE_REPRESENTATION(#20,#3403);
#30=CONTEXT_DEPENDENT_SHAPE_REPRESENTATION(#21,#3404);
#31=CONTEXT_DEPENDENT_SHAPE_REPRESENTATION(#22,#3405);
#32=CONTEXT_DEPENDENT_SHAPE_REPRESENTATION(#23,#3406);
#33=CONTEXT_DEPENDENT_SHAPE_REPRESENTATION(#24,#3407);
#34=CONTEXT_DEPENDENT_SHAPE_REPRESENTATION(#25,#3410);
#35=CONTEXT_DEPENDENT_SHAPE_REPRESENTATION(#26,#3411);
#36=CONTEXT_DEPENDENT_SHAPE_REPRESENTATION(#27,#3412);
#37=CONTEXT_DEPENDENT_SHAPE_REPRESENTATION(#28,#3413);
#38=NEXT_ASSEMBLY_USAGE_OCCURRENCE('Fridge Door:1','Fridge Door:1',
'Fridge Door:1',#3427,#3428,'Fridge Door:1');
#39=NEXT_ASSEMBLY_USAGE_OCCURRENCE('Back Acsess panel:1',
'Back Acsess panel:1','Back Acsess panel:1',#3427,#3429,
'Back Acsess panel:1');
#40=NEXT_ASSEMBLY_USAGE_OCCURRENCE('Fridge box:1','Fridge box:1',
'Fridge box:1',#3427,#3430,'Fridge box:1');
#41=NEXT_ASSEMBLY_USAGE_OCCURRENCE('The main box:1','The main box:1',
'The main box:1',#3427,#3431,'The main box:1');
#42=NEXT_ASSEMBLY_USAGE_OCCURRENCE('Side acsess panel:1',
'Side acsess panel:1','Side acsess panel:1',#3427,#3432,
'Side acsess panel:1');
#43=NEXT_ASSEMBLY_USAGE_OCCURRENCE('Emergency latch:1',
'Emergency latch:1','Emergency latch:1',#3433,#3434,'Emergency latch:1');
#44=NEXT_ASSEMBLY_USAGE_OCCURRENCE('Layer 1:1','Layer 1:1','Layer 1:1',
#3425,#3426,'Layer 1:1');
#45=NEXT_ASSEMBLY_USAGE_OCCURRENCE('Layer2:1','Layer2:1','Layer2:1',#3425,
#3427,'Layer2:1');
#46=NEXT_ASSEMBLY_USAGE_OCCURRENCE('Layer3:1','Layer3:1','Layer3:1',#3425,
#3433,'Layer3:1');
#47=SHAPE_REPRESENTATION_RELATIONSHIP('SRR','None',#3415,#55);
#48=SHAPE_REPRESENTATION_RELATIONSHIP('SRR','None',#3417,#56);
#49=SHAPE_REPRESENTATION_RELATIONSHIP('SRR','None',#3418,#57);
#50=SHAPE_REPRESENTATION_RELATIONSHIP('SRR','None',#3419,#58);
#51=SHAPE_REPRESENTATION_RELATIONSHIP('SRR','None',#3420,#59);
#52=SHAPE_REPRESENTATION_RELATIONSHIP('SRR','None',#3421,#60);
#53=SHAPE_REPRESENTATION_RELATIONSHIP('SRR','None',#3423,#61);
#54=SHAPE_REPRESENTATION_RELATIONSHIP('SRR','None',#3422,#62);
#55=ADVANCED_BREP_SHAPE_REPRESENTATION('',(#71),#3371);
#56=ADVANCED_BREP_SHAPE_REPRESENTATION('',(#72),#3373);
#57=ADVANCED_BREP_SHAPE_REPRESENTATION('',(#73),#3374);
#58=ADVANCED_BREP_SHAPE_REPRESENTATION('',(#74),#3375);
#59=ADVANCED_BREP_SHAPE_REPRESENTATION('',(#75),#3376);
#60=ADVANCED_BREP_SHAPE_REPRESENTATION('',(#76),#3377);
#61=ADVANCED_BREP_SHAPE_REPRESENTATION('',(#77),#3379);
#62=ADVANCED_BREP_SHAPE_REPRESENTATION('',(#78),#3378);
#63=STYLED_ITEM('',(#3469),#71);
#64=STYLED_ITEM('',(#3469),#72);
#65=STYLED_ITEM('',(#3469),#73);
#66=STYLED_ITEM('',(#3470),#74);
#67=STYLED_ITEM('',(#3469),#75);
#68=STYLED_ITEM('',(#3469),#76);
#69=STYLED_ITEM('',(#3469),#77);
#70=STYLED_ITEM('',(#3469),#78);
#71=MANIFOLD_SOLID_BREP('Body1',#2057);
#72=MANIFOLD_SOLID_BREP('Body1',#2058);
#73=MANIFOLD_SOLID_BREP('Body1',#2059);
#74=MANIFOLD_SOLID_BREP('Body1',#2060);
#75=MANIFOLD_SOLID_BREP('Body1',#2061);
#76=MANIFOLD_SOLID_BREP('Body1',#2062);
#77=MANIFOLD_SOLID_BREP('Body1',#2063);
#78=MANIFOLD_SOLID_BREP('Body1',#2064);
#79=FACE_BOUND('',#212,.T.);
#80=FACE_BOUND('',#213,.T.);
#81=FACE_BOUND('',#214,.T.);
#82=FACE_BOUND('',#215,.T.);
#83=FACE_BOUND('',#225,.T.);
#84=FACE_BOUND('',#226,.T.);
#85=FACE_BOUND('',#227,.T.);
#86=FACE_BOUND('',#228,.T.);
#87=FACE_BOUND('',#246,.T.);
#88=FACE_BOUND('',#258,.T.);
#89=FACE_BOUND('',#272,.T.);
#90=FACE_BOUND('',#276,.T.);
#91=FACE_BOUND('',#278,.T.);
#92=FACE_BOUND('',#296,.T.);
#93=FACE_BOUND('',#299,.T.);
#94=FACE_BOUND('',#301,.T.);
#95=FACE_BOUND('',#304,.T.);
#96=FACE_BOUND('',#306,.T.);
#97=FACE_BOUND('',#308,.T.);
#98=FACE_BOUND('',#312,.T.);
#99=FACE_BOUND('',#331,.T.);
#100=FACE_BOUND('',#337,.T.);
#101=FACE_BOUND('',#341,.T.);
#102=FACE_OUTER_BOUND('',#211,.T.);
#103=FACE_OUTER_BOUND('',#216,.T.);
#104=FACE_OUTER_BOUND('',#217,.T.);
#105=FACE_OUTER_BOUND('',#218,.T.);
#106=FACE_OUTER_BOUND('',#219,.T.);
#107=FACE_OUTER_BOUND('',#220,.T.);
#108=FACE_OUTER_BOUND('',#221,.T.);
#109=FACE_OUTER_BOUND('',#222,.T.);
#110=FACE_OUTER_BOUND('',#223,.T.);
#111=FACE_OUTER_BOUND('',#224,.T.);
#112=FACE_OUTER_BOUND('',#229,.T.);
#113=FACE_OUTER_BOUND('',#230,.T.);
#114=FACE_OUTER_BOUND('',#231,.T.);
#115=FACE_OUTER_BOUND('',#232,.T.);
#116=FACE_OUTER_BOUND('',#233,.T.);
#117=FACE_OUTER_BOUND('',#234,.T.);
#118=FACE_OUTER_BOUND('',#235,.T.);
#119=FACE_OUTER_BOUND('',#236,.T.);
#120=FACE_OUTER_BOUND('',#237,.T.);
#121=FACE_OUTER_BOUND('',#238,.T.);
#122=FACE_OUTER_BOUND('',#239,.T.);
#123=FACE_OUTER_BOUND('',#240,.T.);
#124=FACE_OUTER_BOUND('',#241,.T.);
#125=FACE_OUTER_BOUND('',#242,.T.);
#126=FACE_OUTER_BOUND('',#243,.T.);
#127=FACE_OUTER_BOUND('',#244,.T.);
#128=FACE_OUTER_BOUND('',#245,.T.);
#129=FACE_OUTER_BOUND('',#247,.T.);
#130=FACE_OUTER_BOUND('',#248,.T.);
#131=FACE_OUTER_BOUND('',#249,.T.);
#132=FACE_OUTER_BOUND('',#250,.T.);
#133=FACE_OUTER_BOUND('',#251,.T.);
#134=FACE_OUTER_BOUND('',#252,.T.);
#135=FACE_OUTER_BOUND('',#253,.T.);
#136=FACE_OUTER_BOUND('',#254,.T.);
#137=FACE_OUTER_BOUND('',#255,.T.);
#138=FACE_OUTER_BOUND('',#256,.T.);
#139=FACE_OUTER_BOUND('',#257,.T.);
#140=FACE_OUTER_BOUND('',#259,.T.);
#141=FACE_OUTER_BOUND('',#260,.T.);
#142=FACE_OUTER_BOUND('',#261,.T.);
#143=FACE_OUTER_BOUND('',#262,.T.);
#144=FACE_OUTER_BOUND('',#263,.T.);
#145=FACE_OUTER_BOUND('',#264,.T.);
#146=FACE_OUTER_BOUND('',#265,.T.);
#147=FACE_OUTER_BOUND('',#266,.T.);
#148=FACE_OUTER_BOUND('',#267,.T.);
#149=FACE_OUTER_BOUND('',#268,.T.);
#150=FACE_OUTER_BOUND('',#269,.T.);
#151=FACE_OUTER_BOUND('',#270,.T.);
#152=FACE_OUTER_BOUND('',#271,.T.);
#153=FACE_OUTER_BOUND('',#273,.T.);
#154=FACE_OUTER_BOUND('',#274,.T.);
#155=FACE_OUTER_BOUND('',#275,.T.);
#156=FACE_OUTER_BOUND('',#277,.T.);
#157=FACE_OUTER_BOUND('',#279,.T.);
#158=FACE_OUTER_BOUND('',#280,.T.);
#159=FACE_OUTER_BOUND('',#281,.T.);
#160=FACE_OUTER_BOUND('',#282,.T.);
#161=FACE_OUTER_BOUND('',#283,.T.);
#162=FACE_OUTER_BOUND('',#284,.T.);
#163=FACE_OUTER_BOUND('',#285,.T.);
#164=FACE_OUTER_BOUND('',#286,.T.);
#165=FACE_OUTER_BOUND('',#287,.T.);
#166=FACE_OUTER_BOUND('',#288,.T.);
#167=FACE_OUTER_BOUND('',#289,.T.);
#168=FACE_OUTER_BOUND('',#290,.T.);
#169=FACE_OUTER_BOUND('',#291,.T.);
#170=FACE_OUTER_BOUND('',#292,.T.);
#171=FACE_OUTER_BOUND('',#293,.T.);
#172=FACE_OUTER_BOUND('',#294,.T.);
#173=FACE_OUTER_BOUND('',#295,.T.);
#174=FACE_OUTER_BOUND('',#297,.T.);
#175=FACE_OUTER_BOUND('',#298,.T.);
#176=FACE_OUTER_BOUND('',#300,.T.);
#177=FACE_OUTER_BOUND('',#302,.T.);
#178=FACE_OUTER_BOUND('',#303,.T.);
#179=FACE_OUTER_BOUND('',#305,.T.);
#180=FACE_OUTER_BOUND('',#307,.T.);
#181=FACE_OUTER_BOUND('',#309,.T.);
#182=FACE_OUTER_BOUND('',#310,.T.);
#183=FACE_OUTER_BOUND('',#311,.T.);
#184=FACE_OUTER_BOUND('',#313,.T.);
#185=FACE_OUTER_BOUND('',#314,.T.);
#186=FACE_OUTER_BOUND('',#315,.T.);
#187=FACE_OUTER_BOUND('',#316,.T.);
#188=FACE_OUTER_BOUND('',#317,.T.);
#189=FACE_OUTER_BOUND('',#318,.T.);
#190=FACE_OUTER_BOUND('',#319,.T.);
#191=FACE_OUTER_BOUND('',#320,.T.);
#192=FACE_OUTER_BOUND('',#321,.T.);
#193=FACE_OUTER_BOUND('',#322,.T.);
#194=FACE_OUTER_BOUND('',#323,.T.);
#195=FACE_OUTER_BOUND('',#324,.T.);
#196=FACE_OUTER_BOUND('',#325,.T.);
#197=FACE_OUTER_BOUND('',#326,.T.);
#198=FACE_OUTER_BOUND('',#327,.T.);
#199=FACE_OUTER_BOUND('',#328,.T.);
#200=FACE_OUTER_BOUND('',#329,.T.);
#201=FACE_OUTER_BOUND('',#330,.T.);
#202=FACE_OUTER_BOUND('',#332,.T.);
#203=FACE_OUTER_BOUND('',#333,.T.);
#204=FACE_OUTER_BOUND('',#334,.T.);
#205=FACE_OUTER_BOUND('',#335,.T.);
#206=FACE_OUTER_BOUND('',#336,.T.);
#207=FACE_OUTER_BOUND('',#338,.T.);
#208=FACE_OUTER_BOUND('',#339,.T.);
#209=FACE_OUTER_BOUND('',#340,.T.);
#210=FACE_OUTER_BOUND('',#342,.T.);
#211=EDGE_LOOP('',(#1311,#1312,#1313,#1314));
#212=EDGE_LOOP('',(#1315,#1316,#1317,#1318));
#213=EDGE_LOOP('',(#1319,#1320,#1321,#1322));
#214=EDGE_LOOP('',(#1323,#1324,#1325,#1326));
#215=EDGE_LOOP('',(#1327,#1328,#1329,#1330));
#216=EDGE_LOOP('',(#1331,#1332,#1333,#1334));
#217=EDGE_LOOP('',(#1335,#1336,#1337,#1338));
#218=EDGE_LOOP('',(#1339,#1340,#1341,#1342));
#219=EDGE_LOOP('',(#1343,#1344,#1345,#1346));
#220=EDGE_LOOP('',(#1347,#1348,#1349,#1350));
#221=EDGE_LOOP('',(#1351,#1352,#1353,#1354));
#222=EDGE_LOOP('',(#1355,#1356,#1357,#1358));
#223=EDGE_LOOP('',(#1359,#1360,#1361,#1362));
#224=EDGE_LOOP('',(#1363,#1364,#1365,#1366));
#225=EDGE_LOOP('',(#1367,#1368,#1369,#1370));
#226=EDGE_LOOP('',(#1371,#1372,#1373,#1374));
#227=EDGE_LOOP('',(#1375,#1376,#1377,#1378));
#228=EDGE_LOOP('',(#1379,#1380,#1381,#1382));
#229=EDGE_LOOP('',(#1383,#1384,#1385,#1386));
#230=EDGE_LOOP('',(#1387,#1388,#1389,#1390));
#231=EDGE_LOOP('',(#1391,#1392,#1393,#1394));
#232=EDGE_LOOP('',(#1395,#1396,#1397,#1398));
#233=EDGE_LOOP('',(#1399,#1400,#1401,#1402));
#234=EDGE_LOOP('',(#1403,#1404,#1405,#1406));
#235=EDGE_LOOP('',(#1407,#1408,#1409,#1410));
#236=EDGE_LOOP('',(#1411,#1412,#1413,#1414));
#237=EDGE_LOOP('',(#1415,#1416,#1417,#1418));
#238=EDGE_LOOP('',(#1419,#1420,#1421,#1422));
#239=EDGE_LOOP('',(#1423,#1424,#1425,#1426));
#240=EDGE_LOOP('',(#1427,#1428,#1429,#1430));
#241=EDGE_LOOP('',(#1431,#1432,#1433,#1434));
#242=EDGE_LOOP('',(#1435,#1436,#1437,#1438));
#243=EDGE_LOOP('',(#1439,#1440,#1441,#1442));
#244=EDGE_LOOP('',(#1443,#1444,#1445,#1446));
#245=EDGE_LOOP('',(#1447,#1448,#1449,#1450));
#246=EDGE_LOOP('',(#1451,#1452,#1453,#1454));
#247=EDGE_LOOP('',(#1455,#1456,#1457,#1458));
#248=EDGE_LOOP('',(#1459,#1460,#1461,#1462));
#249=EDGE_LOOP('',(#1463,#1464,#1465,#1466));
#250=EDGE_LOOP('',(#1467,#1468,#1469,#1470));
#251=EDGE_LOOP('',(#1471,#1472,#1473,#1474));
#252=EDGE_LOOP('',(#1475,#1476,#1477,#1478));
#253=EDGE_LOOP('',(#1479,#1480,#1481,#1482));
#254=EDGE_LOOP('',(#1483,#1484,#1485,#1486));
#255=EDGE_LOOP('',(#1487,#1488,#1489,#1490));
#256=EDGE_LOOP('',(#1491,#1492,#1493,#1494));
#257=EDGE_LOOP('',(#1495,#1496,#1497,#1498));
#258=EDGE_LOOP('',(#1499,#1500,#1501,#1502));
#259=EDGE_LOOP('',(#1503,#1504,#1505,#1506));
#260=EDGE_LOOP('',(#1507,#1508,#1509,#1510));
#261=EDGE_LOOP('',(#1511,#1512,#1513,#1514));
#262=EDGE_LOOP('',(#1515,#1516,#1517,#1518));
#263=EDGE_LOOP('',(#1519,#1520,#1521,#1522));
#264=EDGE_LOOP('',(#1523,#1524,#1525,#1526));
#265=EDGE_LOOP('',(#1527,#1528,#1529,#1530));
#266=EDGE_LOOP('',(#1531,#1532,#1533,#1534));
#267=EDGE_LOOP('',(#1535,#1536,#1537,#1538));
#268=EDGE_LOOP('',(#1539,#1540,#1541,#1542));
#269=EDGE_LOOP('',(#1543,#1544,#1545,#1546));
#270=EDGE_LOOP('',(#1547,#1548,#1549,#1550));
#271=EDGE_LOOP('',(#1551,#1552,#1553,#1554));
#272=EDGE_LOOP('',(#1555,#1556,#1557,#1558));
#273=EDGE_LOOP('',(#1559,#1560,#1561,#1562));
#274=EDGE_LOOP('',(#1563,#1564,#1565,#1566));
#275=EDGE_LOOP('',(#1567,#1568,#1569,#1570));
#276=EDGE_LOOP('',(#1571,#1572,#1573,#1574));
#277=EDGE_LOOP('',(#1575,#1576,#1577,#1578));
#278=EDGE_LOOP('',(#1579,#1580,#1581,#1582));
#279=EDGE_LOOP('',(#1583,#1584,#1585,#1586));
#280=EDGE_LOOP('',(#1587,#1588,#1589,#1590));
#281=EDGE_LOOP('',(#1591,#1592,#1593,#1594));
#282=EDGE_LOOP('',(#1595,#1596,#1597,#1598));
#283=EDGE_LOOP('',(#1599,#1600,#1601,#1602));
#284=EDGE_LOOP('',(#1603,#1604,#1605,#1606));
#285=EDGE_LOOP('',(#1607,#1608,#1609,#1610));
#286=EDGE_LOOP('',(#1611,#1612,#1613,#1614));
#287=EDGE_LOOP('',(#1615,#1616,#1617,#1618));
#288=EDGE_LOOP('',(#1619,#1620,#1621,#1622));
#289=EDGE_LOOP('',(#1623,#1624,#1625,#1626));
#290=EDGE_LOOP('',(#1627,#1628,#1629,#1630));
#291=EDGE_LOOP('',(#1631,#1632,#1633,#1634));
#292=EDGE_LOOP('',(#1635,#1636,#1637,#1638));
#293=EDGE_LOOP('',(#1639,#1640,#1641,#1642));
#294=EDGE_LOOP('',(#1643,#1644,#1645,#1646));
#295=EDGE_LOOP('',(#1647,#1648,#1649,#1650));
#296=EDGE_LOOP('',(#1651,#1652,#1653,#1654));
#297=EDGE_LOOP('',(#1655,#1656,#1657,#1658));
#298=EDGE_LOOP('',(#1659,#1660,#1661,#1662));
#299=EDGE_LOOP('',(#1663,#1664,#1665,#1666));
#300=EDGE_LOOP('',(#1667,#1668,#1669,#1670));
#301=EDGE_LOOP('',(#1671,#1672,#1673,#1674));
#302=EDGE_LOOP('',(#1675,#1676,#1677,#1678));
#303=EDGE_LOOP('',(#1679,#1680,#1681,#1682));
#304=EDGE_LOOP('',(#1683,#1684,#1685,#1686));
#305=EDGE_LOOP('',(#1687,#1688,#1689,#1690));
#306=EDGE_LOOP('',(#1691,#1692,#1693,#1694));
#307=EDGE_LOOP('',(#1695,#1696,#1697,#1698));
#308=EDGE_LOOP('',(#1699,#1700,#1701,#1702));
#309=EDGE_LOOP('',(#1703,#1704,#1705,#1706));
#310=EDGE_LOOP('',(#1707,#1708,#1709,#1710));
#311=EDGE_LOOP('',(#1711,#1712,#1713,#1714));
#312=EDGE_LOOP('',(#1715,#1716,#1717,#1718));
#313=EDGE_LOOP('',(#1719,#1720,#1721,#1722));
#314=EDGE_LOOP('',(#1723,#1724,#1725,#1726));
#315=EDGE_LOOP('',(#1727,#1728,#1729,#1730));
#316=EDGE_LOOP('',(#1731,#1732,#1733,#1734));
#317=EDGE_LOOP('',(#1735,#1736,#1737,#1738));
#318=EDGE_LOOP('',(#1739,#1740,#1741,#1742));
#319=EDGE_LOOP('',(#1743,#1744,#1745,#1746));
#320=EDGE_LOOP('',(#1747,#1748,#1749,#1750));
#321=EDGE_LOOP('',(#1751,#1752,#1753,#1754));
#322=EDGE_LOOP('',(#1755,#1756,#1757,#1758));
#323=EDGE_LOOP('',(#1759,#1760,#1761,#1762));
#324=EDGE_LOOP('',(#1763,#1764,#1765,#1766));
#325=EDGE_LOOP('',(#1767,#1768,#1769,#1770));
#326=EDGE_LOOP('',(#1771,#1772,#1773,#1774));
#327=EDGE_LOOP('',(#1775,#1776,#1777,#1778));
#328=EDGE_LOOP('',(#1779,#1780,#1781,#1782));
#329=EDGE_LOOP('',(#1783,#1784,#1785,#1786));
#330=EDGE_LOOP('',(#1787,#1788,#1789,#1790));
#331=EDGE_LOOP('',(#1791,#1792,#1793,#1794));
#332=EDGE_LOOP('',(#1795,#1796,#1797,#1798));
#333=EDGE_LOOP('',(#1799,#1800,#1801,#1802));
#334=EDGE_LOOP('',(#1803,#1804,#1805,#1806));
#335=EDGE_LOOP('',(#1807,#1808,#1809,#1810));
#336=EDGE_LOOP('',(#1811,#1812,#1813,#1814));
#337=EDGE_LOOP('',(#1815,#1816,#1817,#1818));
#338=EDGE_LOOP('',(#1819,#1820,#1821,#1822));
#339=EDGE_LOOP('',(#1823,#1824,#1825,#1826));
#340=EDGE_LOOP('',(#1827,#1828,#1829,#1830));
#341=EDGE_LOOP('',(#1831,#1832,#1833,#1834));
#342=EDGE_LOOP('',(#1835,#1836,#1837,#1838));
#343=LINE('',#2796,#607);
#344=LINE('',#2798,#608);
#345=LINE('',#2800,#609);
#346=LINE('',#2801,#610);
#347=LINE('',#2804,#611);
#348=LINE('',#2806,#612);
#349=LINE('',#2808,#613);
#350=LINE('',#2809,#614);
#351=LINE('',#2812,#615);
#352=LINE('',#2814,#616);
#353=LINE('',#2816,#617);
#354=LINE('',#2817,#618);
#355=LINE('',#2820,#619);
#356=LINE('',#2822,#620);
#357=LINE('',#2824,#621);
#358=LINE('',#2825,#622);
#359=LINE('',#2828,#623);
#360=LINE('',#2830,#624);
#361=LINE('',#2832,#625);
#362=LINE('',#2833,#626);
#363=LINE('',#2836,#627);
#364=LINE('',#2838,#628);
#365=LINE('',#2839,#629);
#366=LINE('',#2842,#630);
#367=LINE('',#2843,#631);
#368=LINE('',#2846,#632);
#369=LINE('',#2848,#633);
#370=LINE('',#2849,#634);
#371=LINE('',#2852,#635);
#372=LINE('',#2853,#636);
#373=LINE('',#2856,#637);
#374=LINE('',#2858,#638);
#375=LINE('',#2859,#639);
#376=LINE('',#2862,#640);
#377=LINE('',#2863,#641);
#378=LINE('',#2866,#642);
#379=LINE('',#2868,#643);
#380=LINE('',#2869,#644);
#381=LINE('',#2872,#645);
#382=LINE('',#2873,#646);
#383=LINE('',#2877,#647);
#384=LINE('',#2879,#648);
#385=LINE('',#2881,#649);
#386=LINE('',#2882,#650);
#387=LINE('',#2884,#651);
#388=LINE('',#2885,#652);
#389=LINE('',#2887,#653);
#390=LINE('',#2888,#654);
#391=LINE('',#2890,#655);
#392=LINE('',#2891,#656);
#393=LINE('',#2893,#657);
#394=LINE('',#2894,#658);
#395=LINE('',#2896,#659);
#396=LINE('',#2899,#660);
#397=LINE('',#2902,#661);
#398=LINE('',#2905,#662);
#399=LINE('',#2910,#663);
#400=LINE('',#2911,#664);
#401=LINE('',#2912,#665);
#402=LINE('',#2915,#666);
#403=LINE('',#2916,#667);
#404=LINE('',#2919,#668);
#405=LINE('',#2920,#669);
#406=LINE('',#2922,#670);
#407=LINE('',#2926,#671);
#408=LINE('',#2927,#672);
#409=LINE('',#2928,#673);
#410=LINE('',#2931,#674);
#411=LINE('',#2932,#675);
#412=LINE('',#2935,#676);
#413=LINE('',#2936,#677);
#414=LINE('',#2938,#678);
#415=LINE('',#2945,#679);
#416=LINE('',#2947,#680);
#417=LINE('',#2949,#681);
#418=LINE('',#2950,#682);
#419=LINE('',#2953,#683);
#420=LINE('',#2955,#684);
#421=LINE('',#2956,#685);
#422=LINE('',#2959,#686);
#423=LINE('',#2961,#687);
#424=LINE('',#2962,#688);
#425=LINE('',#2964,#689);
#426=LINE('',#2965,#690);
#427=LINE('',#2970,#691);
#428=LINE('',#2972,#692);
#429=LINE('',#2974,#693);
#430=LINE('',#2975,#694);
#431=LINE('',#2978,#695);
#432=LINE('',#2980,#696);
#433=LINE('',#2981,#697);
#434=LINE('',#2984,#698);
#435=LINE('',#2986,#699);
#436=LINE('',#2987,#700);
#437=LINE('',#2989,#701);
#438=LINE('',#2990,#702);
#439=LINE('',#2997,#703);
#440=LINE('',#2999,#704);
#441=LINE('',#3001,#705);
#442=LINE('',#3002,#706);
#443=LINE('',#3005,#707);
#444=LINE('',#3007,#708);
#445=LINE('',#3008,#709);
#446=LINE('',#3011,#710);
#447=LINE('',#3013,#711);
#448=LINE('',#3014,#712);
#449=LINE('',#3016,#713);
#450=LINE('',#3017,#714);
#451=LINE('',#3024,#715);
#452=LINE('',#3026,#716);
#453=LINE('',#3028,#717);
#454=LINE('',#3029,#718);
#455=LINE('',#3032,#719);
#456=LINE('',#3034,#720);
#457=LINE('',#3035,#721);
#458=LINE('',#3038,#722);
#459=LINE('',#3040,#723);
#460=LINE('',#3041,#724);
#461=LINE('',#3043,#725);
#462=LINE('',#3044,#726);
#463=LINE('',#3048,#727);
#464=LINE('',#3050,#728);
#465=LINE('',#3052,#729);
#466=LINE('',#3053,#730);
#467=LINE('',#3056,#731);
#468=LINE('',#3058,#732);
#469=LINE('',#3059,#733);
#470=LINE('',#3062,#734);
#471=LINE('',#3064,#735);
#472=LINE('',#3065,#736);
#473=LINE('',#3067,#737);
#474=LINE('',#3068,#738);
#475=LINE('',#3073,#739);
#476=LINE('',#3075,#740);
#477=LINE('',#3077,#741);
#478=LINE('',#3078,#742);
#479=LINE('',#3081,#743);
#480=LINE('',#3083,#744);
#481=LINE('',#3084,#745);
#482=LINE('',#3087,#746);
#483=LINE('',#3089,#747);
#484=LINE('',#3090,#748);
#485=LINE('',#3092,#749);
#486=LINE('',#3093,#750);
#487=LINE('',#3100,#751);
#488=LINE('',#3102,#752);
#489=LINE('',#3104,#753);
#490=LINE('',#3105,#754);
#491=LINE('',#3108,#755);
#492=LINE('',#3110,#756);
#493=LINE('',#3111,#757);
#494=LINE('',#3114,#758);
#495=LINE('',#3116,#759);
#496=LINE('',#3117,#760);
#497=LINE('',#3119,#761);
#498=LINE('',#3120,#762);
#499=LINE('',#3124,#763);
#500=LINE('',#3126,#764);
#501=LINE('',#3128,#765);
#502=LINE('',#3129,#766);
#503=LINE('',#3132,#767);
#504=LINE('',#3134,#768);
#505=LINE('',#3135,#769);
#506=LINE('',#3138,#770);
#507=LINE('',#3140,#771);
#508=LINE('',#3141,#772);
#509=LINE('',#3143,#773);
#510=LINE('',#3144,#774);
#511=LINE('',#3148,#775);
#512=LINE('',#3150,#776);
#513=LINE('',#3152,#777);
#514=LINE('',#3153,#778);
#515=LINE('',#3156,#779);
#516=LINE('',#3158,#780);
#517=LINE('',#3159,#781);
#518=LINE('',#3162,#782);
#519=LINE('',#3164,#783);
#520=LINE('',#3165,#784);
#521=LINE('',#3167,#785);
#522=LINE('',#3168,#786);
#523=LINE('',#3172,#787);
#524=LINE('',#3174,#788);
#525=LINE('',#3176,#789);
#526=LINE('',#3177,#790);
#527=LINE('',#3180,#791);
#528=LINE('',#3182,#792);
#529=LINE('',#3183,#793);
#530=LINE('',#3186,#794);
#531=LINE('',#3188,#795);
#532=LINE('',#3189,#796);
#533=LINE('',#3191,#797);
#534=LINE('',#3192,#798);
#535=LINE('',#3197,#799);
#536=LINE('',#3199,#800);
#537=LINE('',#3201,#801);
#538=LINE('',#3202,#802);
#539=LINE('',#3205,#803);
#540=LINE('',#3207,#804);
#541=LINE('',#3208,#805);
#542=LINE('',#3211,#806);
#543=LINE('',#3213,#807);
#544=LINE('',#3214,#808);
#545=LINE('',#3216,#809);
#546=LINE('',#3217,#810);
#547=LINE('',#3224,#811);
#548=LINE('',#3226,#812);
#549=LINE('',#3228,#813);
#550=LINE('',#3229,#814);
#551=LINE('',#3232,#815);
#552=LINE('',#3234,#816);
#553=LINE('',#3235,#817);
#554=LINE('',#3238,#818);
#555=LINE('',#3240,#819);
#556=LINE('',#3241,#820);
#557=LINE('',#3243,#821);
#558=LINE('',#3244,#822);
#559=LINE('',#3257,#823);
#560=LINE('',#3259,#824);
#561=LINE('',#3261,#825);
#562=LINE('',#3262,#826);
#563=LINE('',#3265,#827);
#564=LINE('',#3267,#828);
#565=LINE('',#3268,#829);
#566=LINE('',#3271,#830);
#567=LINE('',#3273,#831);
#568=LINE('',#3274,#832);
#569=LINE('',#3276,#833);
#570=LINE('',#3277,#834);
#571=LINE('',#3283,#835);
#572=LINE('',#3285,#836);
#573=LINE('',#3287,#837);
#574=LINE('',#3288,#838);
#575=LINE('',#3291,#839);
#576=LINE('',#3293,#840);
#577=LINE('',#3294,#841);
#578=LINE('',#3297,#842);
#579=LINE('',#3299,#843);
#580=LINE('',#3300,#844);
#581=LINE('',#3302,#845);
#582=LINE('',#3303,#846);
#583=LINE('',#3307,#847);
#584=LINE('',#3309,#848);
#585=LINE('',#3311,#849);
#586=LINE('',#3312,#850);
#587=LINE('',#3315,#851);
#588=LINE('',#3317,#852);
#589=LINE('',#3318,#853);
#590=LINE('',#3321,#854);
#591=LINE('',#3323,#855);
#592=LINE('',#3324,#856);
#593=LINE('',#3326,#857);
#594=LINE('',#3327,#858);
#595=LINE('',#3332,#859);
#596=LINE('',#3334,#860);
#597=LINE('',#3336,#861);
#598=LINE('',#3337,#862);
#599=LINE('',#3340,#863);
#600=LINE('',#3342,#864);
#601=LINE('',#3343,#865);
#602=LINE('',#3346,#866);
#603=LINE('',#3348,#867);
#604=LINE('',#3349,#868);
#605=LINE('',#3351,#869);
#606=LINE('',#3352,#870);
#607=VECTOR('',#2277,10.);
#608=VECTOR('',#2278,10.);
#609=VECTOR('',#2279,10.);
#610=VECTOR('',#2280,10.);
#611=VECTOR('',#2281,10.);
#612=VECTOR('',#2282,10.);
#613=VECTOR('',#2283,10.);
#614=VECTOR('',#2284,10.);
#615=VECTOR('',#2285,10.);
#616=VECTOR('',#2286,10.);
#617=VECTOR('',#2287,10.);
#618=VECTOR('',#2288,10.);
#619=VECTOR('',#2289,10.);
#620=VECTOR('',#2290,10.);
#621=VECTOR('',#2291,10.);
#622=VECTOR('',#2292,10.);
#623=VECTOR('',#2293,10.);
#624=VECTOR('',#2294,10.);
#625=VECTOR('',#2295,10.);
#626=VECTOR('',#2296,10.);
#627=VECTOR('',#2299,10.);
#628=VECTOR('',#2300,10.);
#629=VECTOR('',#2301,10.);
#630=VECTOR('',#2304,10.);
#631=VECTOR('',#2305,10.);
#632=VECTOR('',#2308,10.);
#633=VECTOR('',#2309,10.);
#634=VECTOR('',#2310,10.);
#635=VECTOR('',#2313,10.);
#636=VECTOR('',#2314,10.);
#637=VECTOR('',#2317,10.);
#638=VECTOR('',#2318,10.);
#639=VECTOR('',#2319,10.);
#640=VECTOR('',#2322,10.);
#641=VECTOR('',#2323,10.);
#642=VECTOR('',#2326,10.);
#643=VECTOR('',#2327,10.);
#644=VECTOR('',#2328,10.);
#645=VECTOR('',#2331,10.);
#646=VECTOR('',#2332,10.);
#647=VECTOR('',#2335,10.);
#648=VECTOR('',#2336,10.);
#649=VECTOR('',#2337,10.);
#650=VECTOR('',#2338,10.);
#651=VECTOR('',#2339,10.);
#652=VECTOR('',#2340,10.);
#653=VECTOR('',#2341,10.);
#654=VECTOR('',#2342,10.);
#655=VECTOR('',#2343,10.);
#656=VECTOR('',#2344,10.);
#657=VECTOR('',#2345,10.);
#658=VECTOR('',#2346,10.);
#659=VECTOR('',#2349,10.);
#660=VECTOR('',#2354,10.);
#661=VECTOR('',#2359,10.);
#662=VECTOR('',#2364,10.);
#663=VECTOR('',#2369,10.);
#664=VECTOR('',#2370,10.);
#665=VECTOR('',#2371,10.);
#666=VECTOR('',#2374,10.);
#667=VECTOR('',#2375,10.);
#668=VECTOR('',#2378,10.);
#669=VECTOR('',#2379,10.);
#670=VECTOR('',#2382,10.);
#671=VECTOR('',#2385,10.);
#672=VECTOR('',#2386,10.);
#673=VECTOR('',#2387,10.);
#674=VECTOR('',#2390,10.);
#675=VECTOR('',#2391,10.);
#676=VECTOR('',#2394,10.);
#677=VECTOR('',#2395,10.);
#678=VECTOR('',#2398,10.);
#679=VECTOR('',#2407,10.);
#680=VECTOR('',#2408,10.);
#681=VECTOR('',#2409,10.);
#682=VECTOR('',#2410,10.);
#683=VECTOR('',#2413,10.);
#684=VECTOR('',#2414,10.);
#685=VECTOR('',#2415,10.);
#686=VECTOR('',#2418,10.);
#687=VECTOR('',#2419,10.);
#688=VECTOR('',#2420,10.);
#689=VECTOR('',#2423,10.);
#690=VECTOR('',#2424,10.);
#691=VECTOR('',#2429,10.);
#692=VECTOR('',#2430,10.);
#693=VECTOR('',#2431,10.);
#694=VECTOR('',#2432,10.);
#695=VECTOR('',#2435,10.);
#696=VECTOR('',#2436,10.);
#697=VECTOR('',#2437,10.);
#698=VECTOR('',#2440,10.);
#699=VECTOR('',#2441,10.);
#700=VECTOR('',#2442,10.);
#701=VECTOR('',#2445,10.);
#702=VECTOR('',#2446,10.);
#703=VECTOR('',#2455,10.);
#704=VECTOR('',#2456,10.);
#705=VECTOR('',#2457,10.);
#706=VECTOR('',#2458,10.);
#707=VECTOR('',#2461,10.);
#708=VECTOR('',#2462,10.);
#709=VECTOR('',#2463,10.);
#710=VECTOR('',#2466,10.);
#711=VECTOR('',#2467,10.);
#712=VECTOR('',#2468,10.);
#713=VECTOR('',#2471,10.);
#714=VECTOR('',#2472,10.);
#715=VECTOR('',#2481,10.);
#716=VECTOR('',#2482,10.);
#717=VECTOR('',#2483,10.);
#718=VECTOR('',#2484,10.);
#719=VECTOR('',#2487,10.);
#720=VECTOR('',#2488,10.);
#721=VECTOR('',#2489,10.);
#722=VECTOR('',#2492,10.);
#723=VECTOR('',#2493,10.);
#724=VECTOR('',#2494,10.);
#725=VECTOR('',#2497,10.);
#726=VECTOR('',#2498,10.);
#727=VECTOR('',#2501,10.);
#728=VECTOR('',#2502,10.);
#729=VECTOR('',#2503,10.);
#730=VECTOR('',#2504,10.);
#731=VECTOR('',#2507,10.);
#732=VECTOR('',#2508,10.);
#733=VECTOR('',#2509,10.);
#734=VECTOR('',#2512,10.);
#735=VECTOR('',#2513,10.);
#736=VECTOR('',#2514,10.);
#737=VECTOR('',#2517,10.);
#738=VECTOR('',#2518,10.);
#739=VECTOR('',#2523,10.);
#740=VECTOR('',#2524,10.);
#741=VECTOR('',#2525,10.);
#742=VECTOR('',#2526,10.);
#743=VECTOR('',#2529,10.);
#744=VECTOR('',#2530,10.);
#745=VECTOR('',#2531,10.);
#746=VECTOR('',#2534,10.);
#747=VECTOR('',#2535,10.);
#748=VECTOR('',#2536,10.);
#749=VECTOR('',#2539,10.);
#750=VECTOR('',#2540,10.);
#751=VECTOR('',#2549,10.);
#752=VECTOR('',#2550,10.);
#753=VECTOR('',#2551,10.);
#754=VECTOR('',#2552,10.);
#755=VECTOR('',#2555,10.);
#756=VECTOR('',#2556,10.);
#757=VECTOR('',#2557,10.);
#758=VECTOR('',#2560,10.);
#759=VECTOR('',#2561,10.);
#760=VECTOR('',#2562,10.);
#761=VECTOR('',#2565,10.);
#762=VECTOR('',#2566,10.);
#763=VECTOR('',#2569,10.);
#764=VECTOR('',#2570,10.);
#765=VECTOR('',#2571,10.);
#766=VECTOR('',#2572,10.);
#767=VECTOR('',#2575,10.);
#768=VECTOR('',#2576,10.);
#769=VECTOR('',#2577,10.);
#770=VECTOR('',#2580,10.);
#771=VECTOR('',#2581,10.);
#772=VECTOR('',#2582,10.);
#773=VECTOR('',#2585,10.);
#774=VECTOR('',#2586,10.);
#775=VECTOR('',#2589,10.);
#776=VECTOR('',#2590,10.);
#777=VECTOR('',#2591,10.);
#778=VECTOR('',#2592,10.);
#779=VECTOR('',#2595,10.);
#780=VECTOR('',#2596,10.);
#781=VECTOR('',#2597,10.);
#782=VECTOR('',#2600,10.);
#783=VECTOR('',#2601,10.);
#784=VECTOR('',#2602,10.);
#785=VECTOR('',#2605,10.);
#786=VECTOR('',#2606,10.);
#787=VECTOR('',#2609,10.);
#788=VECTOR('',#2610,10.);
#789=VECTOR('',#2611,10.);
#790=VECTOR('',#2612,10.);
#791=VECTOR('',#2615,10.);
#792=VECTOR('',#2616,10.);
#793=VECTOR('',#2617,10.);
#794=VECTOR('',#2620,10.);
#795=VECTOR('',#2621,10.);
#796=VECTOR('',#2622,10.);
#797=VECTOR('',#2625,10.);
#798=VECTOR('',#2626,10.);
#799=VECTOR('',#2631,10.);
#800=VECTOR('',#2632,10.);
#801=VECTOR('',#2633,10.);
#802=VECTOR('',#2634,10.);
#803=VECTOR('',#2637,10.);
#804=VECTOR('',#2638,10.);
#805=VECTOR('',#2639,10.);
#806=VECTOR('',#2642,10.);
#807=VECTOR('',#2643,10.);
#808=VECTOR('',#2644,10.);
#809=VECTOR('',#2647,10.);
#810=VECTOR('',#2648,10.);
#811=VECTOR('',#2657,10.);
#812=VECTOR('',#2658,10.);
#813=VECTOR('',#2659,10.);
#814=VECTOR('',#2660,10.);
#815=VECTOR('',#2663,10.);
#816=VECTOR('',#2664,10.);
#817=VECTOR('',#2665,10.);
#818=VECTOR('',#2668,10.);
#819=VECTOR('',#2669,10.);
#820=VECTOR('',#2670,10.);
#821=VECTOR('',#2673,10.);
#822=VECTOR('',#2674,10.);
#823=VECTOR('',#2695,10.);
#824=VECTOR('',#2696,10.);
#825=VECTOR('',#2697,10.);
#826=VECTOR('',#2698,10.);
#827=VECTOR('',#2701,10.);
#828=VECTOR('',#2702,10.);
#829=VECTOR('',#2703,10.);
#830=VECTOR('',#2706,10.);
#831=VECTOR('',#2707,10.);
#832=VECTOR('',#2708,10.);
#833=VECTOR('',#2711,10.);
#834=VECTOR('',#2712,10.);
#835=VECTOR('',#2719,10.);
#836=VECTOR('',#2720,10.);
#837=VECTOR('',#2721,10.);
#838=VECTOR('',#2722,10.);
#839=VECTOR('',#2725,10.);
#840=VECTOR('',#2726,10.);
#841=VECTOR('',#2727,10.);
#842=VECTOR('',#2730,10.);
#843=VECTOR('',#2731,10.);
#844=VECTOR('',#2732,10.);
#845=VECTOR('',#2735,10.);
#846=VECTOR('',#2736,10.);
#847=VECTOR('',#2739,10.);
#848=VECTOR('',#2740,10.);
#849=VECTOR('',#2741,10.);
#850=VECTOR('',#2742,10.);
#851=VECTOR('',#2745,10.);
#852=VECTOR('',#2746,10.);
#853=VECTOR('',#2747,10.);
#854=VECTOR('',#2750,10.);
#855=VECTOR('',#2751,10.);
#856=VECTOR('',#2752,10.);
#857=VECTOR('',#2755,10.);
#858=VECTOR('',#2756,10.);
#859=VECTOR('',#2761,10.);
#860=VECTOR('',#2762,10.);
#861=VECTOR('',#2763,10.);
#862=VECTOR('',#2764,10.);
#863=VECTOR('',#2767,10.);
#864=VECTOR('',#2768,10.);
#865=VECTOR('',#2769,10.);
#866=VECTOR('',#2772,10.);
#867=VECTOR('',#2773,10.);
#868=VECTOR('',#2774,10.);
#869=VECTOR('',#2777,10.);
#870=VECTOR('',#2778,10.);
#871=VERTEX_POINT('',#2794);
#872=VERTEX_POINT('',#2795);
#873=VERTEX_POINT('',#2797);
#874=VERTEX_POINT('',#2799);
#875=VERTEX_POINT('',#2802);
#876=VERTEX_POINT('',#2803);
#877=VERTEX_POINT('',#2805);
#878=VERTEX_POINT('',#2807);
#879=VERTEX_POINT('',#2810);
#880=VERTEX_POINT('',#2811);
#881=VERTEX_POINT('',#2813);
#882=VERTEX_POINT('',#2815);
#883=VERTEX_POINT('',#2818);
#884=VERTEX_POINT('',#2819);
#885=VERTEX_POINT('',#2821);
#886=VERTEX_POINT('',#2823);
#887=VERTEX_POINT('',#2826);
#888=VERTEX_POINT('',#2827);
#889=VERTEX_POINT('',#2829);
#890=VERTEX_POINT('',#2831);
#891=VERTEX_POINT('',#2835);
#892=VERTEX_POINT('',#2837);
#893=VERTEX_POINT('',#2841);
#894=VERTEX_POINT('',#2845);
#895=VERTEX_POINT('',#2847);
#896=VERTEX_POINT('',#2851);
#897=VERTEX_POINT('',#2855);
#898=VERTEX_POINT('',#2857);
#899=VERTEX_POINT('',#2861);
#900=VERTEX_POINT('',#2865);
#901=VERTEX_POINT('',#2867);
#902=VERTEX_POINT('',#2871);
#903=VERTEX_POINT('',#2875);
#904=VERTEX_POINT('',#2876);
#905=VERTEX_POINT('',#2878);
#906=VERTEX_POINT('',#2880);
#907=VERTEX_POINT('',#2883);
#908=VERTEX_POINT('',#2886);
#909=VERTEX_POINT('',#2889);
#910=VERTEX_POINT('',#2892);
#911=VERTEX_POINT('',#2908);
#912=VERTEX_POINT('',#2909);
#913=VERTEX_POINT('',#2914);
#914=VERTEX_POINT('',#2918);
#915=VERTEX_POINT('',#2924);
#916=VERTEX_POINT('',#2925);
#917=VERTEX_POINT('',#2930);
#918=VERTEX_POINT('',#2934);
#919=VERTEX_POINT('',#2943);
#920=VERTEX_POINT('',#2944);
#921=VERTEX_POINT('',#2946);
#922=VERTEX_POINT('',#2948);
#923=VERTEX_POINT('',#2952);
#924=VERTEX_POINT('',#2954);
#925=VERTEX_POINT('',#2958);
#926=VERTEX_POINT('',#2960);
#927=VERTEX_POINT('',#2968);
#928=VERTEX_POINT('',#2969);
#929=VERTEX_POINT('',#2971);
#930=VERTEX_POINT('',#2973);
#931=VERTEX_POINT('',#2977);
#932=VERTEX_POINT('',#2979);
#933=VERTEX_POINT('',#2983);
#934=VERTEX_POINT('',#2985);
#935=VERTEX_POINT('',#2995);
#936=VERTEX_POINT('',#2996);
#937=VERTEX_POINT('',#2998);
#938=VERTEX_POINT('',#3000);
#939=VERTEX_POINT('',#3004);
#940=VERTEX_POINT('',#3006);
#941=VERTEX_POINT('',#3010);
#942=VERTEX_POINT('',#3012);
#943=VERTEX_POINT('',#3022);
#944=VERTEX_POINT('',#3023);
#945=VERTEX_POINT('',#3025);
#946=VERTEX_POINT('',#3027);
#947=VERTEX_POINT('',#3031);
#948=VERTEX_POINT('',#3033);
#949=VERTEX_POINT('',#3037);
#950=VERTEX_POINT('',#3039);
#951=VERTEX_POINT('',#3046);
#952=VERTEX_POINT('',#3047);
#953=VERTEX_POINT('',#3049);
#954=VERTEX_POINT('',#3051);
#955=VERTEX_POINT('',#3055);
#956=VERTEX_POINT('',#3057);
#957=VERTEX_POINT('',#3061);
#958=VERTEX_POINT('',#3063);
#959=VERTEX_POINT('',#3071);
#960=VERTEX_POINT('',#3072);
#961=VERTEX_POINT('',#3074);
#962=VERTEX_POINT('',#3076);
#963=VERTEX_POINT('',#3080);
#964=VERTEX_POINT('',#3082);
#965=VERTEX_POINT('',#3086);
#966=VERTEX_POINT('',#3088);
#967=VERTEX_POINT('',#3098);
#968=VERTEX_POINT('',#3099);
#969=VERTEX_POINT('',#3101);
#970=VERTEX_POINT('',#3103);
#971=VERTEX_POINT('',#3107);
#972=VERTEX_POINT('',#3109);
#973=VERTEX_POINT('',#3113);
#974=VERTEX_POINT('',#3115);
#975=VERTEX_POINT('',#3122);
#976=VERTEX_POINT('',#3123);
#977=VERTEX_POINT('',#3125);
#978=VERTEX_POINT('',#3127);
#979=VERTEX_POINT('',#3131);
#980=VERTEX_POINT('',#3133);
#981=VERTEX_POINT('',#3137);
#982=VERTEX_POINT('',#3139);
#983=VERTEX_POINT('',#3146);
#984=VERTEX_POINT('',#3147);
#985=VERTEX_POINT('',#3149);
#986=VERTEX_POINT('',#3151);
#987=VERTEX_POINT('',#3155);
#988=VERTEX_POINT('',#3157);
#989=VERTEX_POINT('',#3161);
#990=VERTEX_POINT('',#3163);
#991=VERTEX_POINT('',#3170);
#992=VERTEX_POINT('',#3171);
#993=VERTEX_POINT('',#3173);
#994=VERTEX_POINT('',#3175);
#995=VERTEX_POINT('',#3179);
#996=VERTEX_POINT('',#3181);
#997=VERTEX_POINT('',#3185);
#998=VERTEX_POINT('',#3187);
#999=VERTEX_POINT('',#3195);
#1000=VERTEX_POINT('',#3196);
#1001=VERTEX_POINT('',#3198);
#1002=VERTEX_POINT('',#3200);
#1003=VERTEX_POINT('',#3204);
#1004=VERTEX_POINT('',#3206);
#1005=VERTEX_POINT('',#3210);
#1006=VERTEX_POINT('',#3212);
#1007=VERTEX_POINT('',#3222);
#1008=VERTEX_POINT('',#3223);
#1009=VERTEX_POINT('',#3225);
#1010=VERTEX_POINT('',#3227);
#1011=VERTEX_POINT('',#3231);
#1012=VERTEX_POINT('',#3233);
#1013=VERTEX_POINT('',#3237);
#1014=VERTEX_POINT('',#3239);
#1015=VERTEX_POINT('',#3255);
#1016=VERTEX_POINT('',#3256);
#1017=VERTEX_POINT('',#3258);
#1018=VERTEX_POINT('',#3260);
#1019=VERTEX_POINT('',#3264);
#1020=VERTEX_POINT('',#3266);
#1021=VERTEX_POINT('',#3270);
#1022=VERTEX_POINT('',#3272);
#1023=VERTEX_POINT('',#3281);
#1024=VERTEX_POINT('',#3282);
#1025=VERTEX_POINT('',#3284);
#1026=VERTEX_POINT('',#3286);
#1027=VERTEX_POINT('',#3290);
#1028=VERTEX_POINT('',#3292);
#1029=VERTEX_POINT('',#3296);
#1030=VERTEX_POINT('',#3298);
#1031=VERTEX_POINT('',#3305);
#1032=VERTEX_POINT('',#3306);
#1033=VERTEX_POINT('',#3308);
#1034=VERTEX_POINT('',#3310);
#1035=VERTEX_POINT('',#3314);
#1036=VERTEX_POINT('',#3316);
#1037=VERTEX_POINT('',#3320);
#1038=VERTEX_POINT('',#3322);
#1039=VERTEX_POINT('',#3330);
#1040=VERTEX_POINT('',#3331);
#1041=VERTEX_POINT('',#3333);
#1042=VERTEX_POINT('',#3335);
#1043=VERTEX_POINT('',#3339);
#1044=VERTEX_POINT('',#3341);
#1045=VERTEX_POINT('',#3345);
#1046=VERTEX_POINT('',#3347);
#1047=EDGE_CURVE('',#871,#872,#343,.T.);
#1048=EDGE_CURVE('',#873,#871,#344,.T.);
#1049=EDGE_CURVE('',#874,#873,#345,.T.);
#1050=EDGE_CURVE('',#872,#874,#346,.T.);
#1051=EDGE_CURVE('',#875,#876,#347,.T.);
#1052=EDGE_CURVE('',#877,#875,#348,.T.);
#1053=EDGE_CURVE('',#878,#877,#349,.T.);
#1054=EDGE_CURVE('',#876,#878,#350,.T.);
#1055=EDGE_CURVE('',#879,#880,#351,.T.);
#1056=EDGE_CURVE('',#881,#879,#352,.T.);
#1057=EDGE_CURVE('',#882,#881,#353,.T.);
#1058=EDGE_CURVE('',#880,#882,#354,.T.);
#1059=EDGE_CURVE('',#883,#884,#355,.T.);
#1060=EDGE_CURVE('',#885,#883,#356,.T.);
#1061=EDGE_CURVE('',#886,#885,#357,.T.);
#1062=EDGE_CURVE('',#884,#886,#358,.T.);
#1063=EDGE_CURVE('',#887,#888,#359,.T.);
#1064=EDGE_CURVE('',#889,#887,#360,.T.);
#1065=EDGE_CURVE('',#890,#889,#361,.T.);
#1066=EDGE_CURVE('',#888,#890,#362,.T.);
#1067=EDGE_CURVE('',#891,#887,#363,.T.);
#1068=EDGE_CURVE('',#892,#891,#364,.T.);
#1069=EDGE_CURVE('',#889,#892,#365,.T.);
#1070=EDGE_CURVE('',#893,#888,#366,.T.);
#1071=EDGE_CURVE('',#891,#893,#367,.T.);
#1072=EDGE_CURVE('',#894,#883,#368,.T.);
#1073=EDGE_CURVE('',#895,#894,#369,.T.);
#1074=EDGE_CURVE('',#885,#895,#370,.T.);
#1075=EDGE_CURVE('',#896,#884,#371,.T.);
#1076=EDGE_CURVE('',#894,#896,#372,.T.);
#1077=EDGE_CURVE('',#897,#879,#373,.T.);
#1078=EDGE_CURVE('',#898,#897,#374,.T.);
#1079=EDGE_CURVE('',#881,#898,#375,.T.);
#1080=EDGE_CURVE('',#899,#880,#376,.T.);
#1081=EDGE_CURVE('',#897,#899,#377,.T.);
#1082=EDGE_CURVE('',#900,#875,#378,.T.);
#1083=EDGE_CURVE('',#901,#900,#379,.T.);
#1084=EDGE_CURVE('',#877,#901,#380,.T.);
#1085=EDGE_CURVE('',#902,#876,#381,.T.);
#1086=EDGE_CURVE('',#900,#902,#382,.T.);
#1087=EDGE_CURVE('',#903,#904,#383,.T.);
#1088=EDGE_CURVE('',#904,#905,#384,.T.);
#1089=EDGE_CURVE('',#905,#906,#385,.T.);
#1090=EDGE_CURVE('',#906,#903,#386,.T.);
#1091=EDGE_CURVE('',#907,#892,#387,.T.);
#1092=EDGE_CURVE('',#893,#907,#388,.T.);
#1093=EDGE_CURVE('',#908,#901,#389,.T.);
#1094=EDGE_CURVE('',#902,#908,#390,.T.);
#1095=EDGE_CURVE('',#909,#895,#391,.T.);
#1096=EDGE_CURVE('',#896,#909,#392,.T.);
#1097=EDGE_CURVE('',#910,#898,#393,.T.);
#1098=EDGE_CURVE('',#899,#910,#394,.T.);
#1099=EDGE_CURVE('',#907,#890,#395,.T.);
#1100=EDGE_CURVE('',#908,#878,#396,.T.);
#1101=EDGE_CURVE('',#909,#886,#397,.T.);
#1102=EDGE_CURVE('',#910,#882,#398,.T.);
#1103=EDGE_CURVE('',#911,#912,#399,.T.);
#1104=EDGE_CURVE('',#911,#873,#400,.T.);
#1105=EDGE_CURVE('',#912,#871,#401,.T.);
#1106=EDGE_CURVE('',#913,#911,#402,.T.);
#1107=EDGE_CURVE('',#913,#874,#403,.T.);
#1108=EDGE_CURVE('',#914,#913,#404,.T.);
#1109=EDGE_CURVE('',#914,#872,#405,.T.);
#1110=EDGE_CURVE('',#912,#914,#406,.T.);
#1111=EDGE_CURVE('',#915,#916,#407,.T.);
#1112=EDGE_CURVE('',#915,#903,#408,.T.);
#1113=EDGE_CURVE('',#916,#906,#409,.T.);
#1114=EDGE_CURVE('',#916,#917,#410,.T.);
#1115=EDGE_CURVE('',#917,#905,#411,.T.);
#1116=EDGE_CURVE('',#917,#918,#412,.T.);
#1117=EDGE_CURVE('',#918,#904,#413,.T.);
#1118=EDGE_CURVE('',#918,#915,#414,.T.);
#1119=EDGE_CURVE('',#919,#920,#415,.T.);
#1120=EDGE_CURVE('',#919,#921,#416,.T.);
#1121=EDGE_CURVE('',#922,#921,#417,.T.);
#1122=EDGE_CURVE('',#920,#922,#418,.T.);
#1123=EDGE_CURVE('',#920,#923,#419,.T.);
#1124=EDGE_CURVE('',#924,#922,#420,.T.);
#1125=EDGE_CURVE('',#923,#924,#421,.T.);
#1126=EDGE_CURVE('',#923,#925,#422,.T.);
#1127=EDGE_CURVE('',#926,#924,#423,.T.);
#1128=EDGE_CURVE('',#925,#926,#424,.T.);
#1129=EDGE_CURVE('',#925,#919,#425,.T.);
#1130=EDGE_CURVE('',#921,#926,#426,.T.);
#1131=EDGE_CURVE('',#927,#928,#427,.T.);
#1132=EDGE_CURVE('',#927,#929,#428,.T.);
#1133=EDGE_CURVE('',#930,#929,#429,.T.);
#1134=EDGE_CURVE('',#928,#930,#430,.T.);
#1135=EDGE_CURVE('',#928,#931,#431,.T.);
#1136=EDGE_CURVE('',#932,#930,#432,.T.);
#1137=EDGE_CURVE('',#931,#932,#433,.T.);
#1138=EDGE_CURVE('',#931,#933,#434,.T.);
#1139=EDGE_CURVE('',#934,#932,#435,.T.);
#1140=EDGE_CURVE('',#933,#934,#436,.T.);
#1141=EDGE_CURVE('',#933,#927,#437,.T.);
#1142=EDGE_CURVE('',#929,#934,#438,.T.);
#1143=EDGE_CURVE('',#935,#936,#439,.T.);
#1144=EDGE_CURVE('',#935,#937,#440,.T.);
#1145=EDGE_CURVE('',#938,#937,#441,.T.);
#1146=EDGE_CURVE('',#936,#938,#442,.T.);
#1147=EDGE_CURVE('',#936,#939,#443,.T.);
#1148=EDGE_CURVE('',#940,#938,#444,.T.);
#1149=EDGE_CURVE('',#939,#940,#445,.T.);
#1150=EDGE_CURVE('',#939,#941,#446,.T.);
#1151=EDGE_CURVE('',#942,#940,#447,.T.);
#1152=EDGE_CURVE('',#941,#942,#448,.T.);
#1153=EDGE_CURVE('',#941,#935,#449,.T.);
#1154=EDGE_CURVE('',#937,#942,#450,.T.);
#1155=EDGE_CURVE('',#943,#944,#451,.T.);
#1156=EDGE_CURVE('',#943,#945,#452,.T.);
#1157=EDGE_CURVE('',#946,#945,#453,.T.);
#1158=EDGE_CURVE('',#944,#946,#454,.T.);
#1159=EDGE_CURVE('',#947,#943,#455,.T.);
#1160=EDGE_CURVE('',#947,#948,#456,.T.);
#1161=EDGE_CURVE('',#945,#948,#457,.T.);
#1162=EDGE_CURVE('',#949,#947,#458,.T.);
#1163=EDGE_CURVE('',#949,#950,#459,.T.);
#1164=EDGE_CURVE('',#948,#950,#460,.T.);
#1165=EDGE_CURVE('',#944,#949,#461,.T.);
#1166=EDGE_CURVE('',#950,#946,#462,.T.);
#1167=EDGE_CURVE('',#951,#952,#463,.T.);
#1168=EDGE_CURVE('',#951,#953,#464,.T.);
#1169=EDGE_CURVE('',#953,#954,#465,.T.);
#1170=EDGE_CURVE('',#952,#954,#466,.T.);
#1171=EDGE_CURVE('',#955,#951,#467,.T.);
#1172=EDGE_CURVE('',#955,#956,#468,.T.);
#1173=EDGE_CURVE('',#956,#953,#469,.T.);
#1174=EDGE_CURVE('',#957,#955,#470,.T.);
#1175=EDGE_CURVE('',#957,#958,#471,.T.);
#1176=EDGE_CURVE('',#958,#956,#472,.T.);
#1177=EDGE_CURVE('',#952,#957,#473,.T.);
#1178=EDGE_CURVE('',#954,#958,#474,.T.);
#1179=EDGE_CURVE('',#959,#960,#475,.T.);
#1180=EDGE_CURVE('',#959,#961,#476,.T.);
#1181=EDGE_CURVE('',#962,#961,#477,.T.);
#1182=EDGE_CURVE('',#960,#962,#478,.T.);
#1183=EDGE_CURVE('',#960,#963,#479,.T.);
#1184=EDGE_CURVE('',#964,#962,#480,.T.);
#1185=EDGE_CURVE('',#963,#964,#481,.T.);
#1186=EDGE_CURVE('',#963,#965,#482,.T.);
#1187=EDGE_CURVE('',#966,#964,#483,.T.);
#1188=EDGE_CURVE('',#965,#966,#484,.T.);
#1189=EDGE_CURVE('',#965,#959,#485,.T.);
#1190=EDGE_CURVE('',#961,#966,#486,.T.);
#1191=EDGE_CURVE('',#967,#968,#487,.T.);
#1192=EDGE_CURVE('',#969,#967,#488,.T.);
#1193=EDGE_CURVE('',#970,#969,#489,.T.);
#1194=EDGE_CURVE('',#970,#968,#490,.T.);
#1195=EDGE_CURVE('',#968,#971,#491,.T.);
#1196=EDGE_CURVE('',#972,#970,#492,.T.);
#1197=EDGE_CURVE('',#972,#971,#493,.T.);
#1198=EDGE_CURVE('',#971,#973,#494,.T.);
#1199=EDGE_CURVE('',#974,#972,#495,.T.);
#1200=EDGE_CURVE('',#974,#973,#496,.T.);
#1201=EDGE_CURVE('',#973,#967,#497,.T.);
#1202=EDGE_CURVE('',#969,#974,#498,.T.);
#1203=EDGE_CURVE('',#975,#976,#499,.T.);
#1204=EDGE_CURVE('',#975,#977,#500,.T.);
#1205=EDGE_CURVE('',#978,#977,#501,.T.);
#1206=EDGE_CURVE('',#976,#978,#502,.T.);
#1207=EDGE_CURVE('',#979,#975,#503,.T.);
#1208=EDGE_CURVE('',#979,#980,#504,.T.);
#1209=EDGE_CURVE('',#977,#980,#505,.T.);
#1210=EDGE_CURVE('',#981,#979,#506,.T.);
#1211=EDGE_CURVE('',#981,#982,#507,.T.);
#1212=EDGE_CURVE('',#980,#982,#508,.T.);
#1213=EDGE_CURVE('',#976,#981,#509,.T.);
#1214=EDGE_CURVE('',#982,#978,#510,.T.);
#1215=EDGE_CURVE('',#983,#984,#511,.T.);
#1216=EDGE_CURVE('',#983,#985,#512,.T.);
#1217=EDGE_CURVE('',#986,#985,#513,.T.);
#1218=EDGE_CURVE('',#984,#986,#514,.T.);
#1219=EDGE_CURVE('',#987,#983,#515,.T.);
#1220=EDGE_CURVE('',#987,#988,#516,.T.);
#1221=EDGE_CURVE('',#985,#988,#517,.T.);
#1222=EDGE_CURVE('',#989,#987,#518,.T.);
#1223=EDGE_CURVE('',#989,#990,#519,.T.);
#1224=EDGE_CURVE('',#988,#990,#520,.T.);
#1225=EDGE_CURVE('',#984,#989,#521,.T.);
#1226=EDGE_CURVE('',#990,#986,#522,.T.);
#1227=EDGE_CURVE('',#991,#992,#523,.T.);
#1228=EDGE_CURVE('',#991,#993,#524,.T.);
#1229=EDGE_CURVE('',#993,#994,#525,.T.);
#1230=EDGE_CURVE('',#992,#994,#526,.T.);
#1231=EDGE_CURVE('',#995,#991,#527,.T.);
#1232=EDGE_CURVE('',#995,#996,#528,.T.);
#1233=EDGE_CURVE('',#996,#993,#529,.T.);
#1234=EDGE_CURVE('',#997,#995,#530,.T.);
#1235=EDGE_CURVE('',#997,#998,#531,.T.);
#1236=EDGE_CURVE('',#998,#996,#532,.T.);
#1237=EDGE_CURVE('',#992,#997,#533,.T.);
#1238=EDGE_CURVE('',#994,#998,#534,.T.);
#1239=EDGE_CURVE('',#999,#1000,#535,.T.);
#1240=EDGE_CURVE('',#999,#1001,#536,.T.);
#1241=EDGE_CURVE('',#1002,#1001,#537,.T.);
#1242=EDGE_CURVE('',#1000,#1002,#538,.T.);
#1243=EDGE_CURVE('',#1000,#1003,#539,.T.);
#1244=EDGE_CURVE('',#1004,#1002,#540,.T.);
#1245=EDGE_CURVE('',#1003,#1004,#541,.T.);
#1246=EDGE_CURVE('',#1003,#1005,#542,.T.);
#1247=EDGE_CURVE('',#1006,#1004,#543,.T.);
#1248=EDGE_CURVE('',#1005,#1006,#544,.T.);
#1249=EDGE_CURVE('',#1005,#999,#545,.T.);
#1250=EDGE_CURVE('',#1001,#1006,#546,.T.);
#1251=EDGE_CURVE('',#1007,#1008,#547,.T.);
#1252=EDGE_CURVE('',#1007,#1009,#548,.T.);
#1253=EDGE_CURVE('',#1010,#1009,#549,.T.);
#1254=EDGE_CURVE('',#1008,#1010,#550,.T.);
#1255=EDGE_CURVE('',#1008,#1011,#551,.T.);
#1256=EDGE_CURVE('',#1012,#1010,#552,.T.);
#1257=EDGE_CURVE('',#1011,#1012,#553,.T.);
#1258=EDGE_CURVE('',#1011,#1013,#554,.T.);
#1259=EDGE_CURVE('',#1014,#1012,#555,.T.);
#1260=EDGE_CURVE('',#1013,#1014,#556,.T.);
#1261=EDGE_CURVE('',#1013,#1007,#557,.T.);
#1262=EDGE_CURVE('',#1009,#1014,#558,.T.);
#1263=EDGE_CURVE('',#1015,#1016,#559,.T.);
#1264=EDGE_CURVE('',#1016,#1017,#560,.T.);
#1265=EDGE_CURVE('',#1018,#1017,#561,.T.);
#1266=EDGE_CURVE('',#1015,#1018,#562,.T.);
#1267=EDGE_CURVE('',#1019,#1015,#563,.T.);
#1268=EDGE_CURVE('',#1020,#1018,#564,.T.);
#1269=EDGE_CURVE('',#1019,#1020,#565,.T.);
#1270=EDGE_CURVE('',#1021,#1019,#566,.T.);
#1271=EDGE_CURVE('',#1022,#1020,#567,.T.);
#1272=EDGE_CURVE('',#1021,#1022,#568,.T.);
#1273=EDGE_CURVE('',#1016,#1021,#569,.T.);
#1274=EDGE_CURVE('',#1017,#1022,#570,.T.);
#1275=EDGE_CURVE('',#1023,#1024,#571,.T.);
#1276=EDGE_CURVE('',#1023,#1025,#572,.T.);
#1277=EDGE_CURVE('',#1026,#1025,#573,.T.);
#1278=EDGE_CURVE('',#1024,#1026,#574,.T.);
#1279=EDGE_CURVE('',#1027,#1023,#575,.T.);
#1280=EDGE_CURVE('',#1027,#1028,#576,.T.);
#1281=EDGE_CURVE('',#1025,#1028,#577,.T.);
#1282=EDGE_CURVE('',#1029,#1027,#578,.T.);
#1283=EDGE_CURVE('',#1029,#1030,#579,.T.);
#1284=EDGE_CURVE('',#1028,#1030,#580,.T.);
#1285=EDGE_CURVE('',#1024,#1029,#581,.T.);
#1286=EDGE_CURVE('',#1030,#1026,#582,.T.);
#1287=EDGE_CURVE('',#1031,#1032,#583,.T.);
#1288=EDGE_CURVE('',#1031,#1033,#584,.T.);
#1289=EDGE_CURVE('',#1033,#1034,#585,.T.);
#1290=EDGE_CURVE('',#1032,#1034,#586,.T.);
#1291=EDGE_CURVE('',#1035,#1031,#587,.T.);
#1292=EDGE_CURVE('',#1035,#1036,#588,.T.);
#1293=EDGE_CURVE('',#1036,#1033,#589,.T.);
#1294=EDGE_CURVE('',#1037,#1035,#590,.T.);
#1295=EDGE_CURVE('',#1037,#1038,#591,.T.);
#1296=EDGE_CURVE('',#1038,#1036,#592,.T.);
#1297=EDGE_CURVE('',#1032,#1037,#593,.T.);
#1298=EDGE_CURVE('',#1034,#1038,#594,.T.);
#1299=EDGE_CURVE('',#1039,#1040,#595,.T.);
#1300=EDGE_CURVE('',#1039,#1041,#596,.T.);
#1301=EDGE_CURVE('',#1042,#1041,#597,.T.);
#1302=EDGE_CURVE('',#1040,#1042,#598,.T.);
#1303=EDGE_CURVE('',#1040,#1043,#599,.T.);
#1304=EDGE_CURVE('',#1044,#1042,#600,.T.);
#1305=EDGE_CURVE('',#1043,#1044,#601,.T.);
#1306=EDGE_CURVE('',#1043,#1045,#602,.T.);
#1307=EDGE_CURVE('',#1046,#1044,#603,.T.);
#1308=EDGE_CURVE('',#1045,#1046,#604,.T.);
#1309=EDGE_CURVE('',#1045,#1039,#605,.T.);
#1310=EDGE_CURVE('',#1041,#1046,#606,.T.);
#1311=ORIENTED_EDGE('',*,*,#1047,.F.);
#1312=ORIENTED_EDGE('',*,*,#1048,.F.);
#1313=ORIENTED_EDGE('',*,*,#1049,.F.);
#1314=ORIENTED_EDGE('',*,*,#1050,.F.);
#1315=ORIENTED_EDGE('',*,*,#1051,.F.);
#1316=ORIENTED_EDGE('',*,*,#1052,.F.);
#1317=ORIENTED_EDGE('',*,*,#1053,.F.);
#1318=ORIENTED_EDGE('',*,*,#1054,.F.);
#1319=ORIENTED_EDGE('',*,*,#1055,.F.);
#1320=ORIENTED_EDGE('',*,*,#1056,.F.);
#1321=ORIENTED_EDGE('',*,*,#1057,.F.);
#1322=ORIENTED_EDGE('',*,*,#1058,.F.);
#1323=ORIENTED_EDGE('',*,*,#1059,.F.);
#1324=ORIENTED_EDGE('',*,*,#1060,.F.);
#1325=ORIENTED_EDGE('',*,*,#1061,.F.);
#1326=ORIENTED_EDGE('',*,*,#1062,.F.);
#1327=ORIENTED_EDGE('',*,*,#1063,.F.);
#1328=ORIENTED_EDGE('',*,*,#1064,.F.);
#1329=ORIENTED_EDGE('',*,*,#1065,.F.);
#1330=ORIENTED_EDGE('',*,*,#1066,.F.);
#1331=ORIENTED_EDGE('',*,*,#1064,.T.);
#1332=ORIENTED_EDGE('',*,*,#1067,.F.);
#1333=ORIENTED_EDGE('',*,*,#1068,.F.);
#1334=ORIENTED_EDGE('',*,*,#1069,.F.);
#1335=ORIENTED_EDGE('',*,*,#1063,.T.);
#1336=ORIENTED_EDGE('',*,*,#1070,.F.);
#1337=ORIENTED_EDGE('',*,*,#1071,.F.);
#1338=ORIENTED_EDGE('',*,*,#1067,.T.);
#1339=ORIENTED_EDGE('',*,*,#1060,.T.);
#1340=ORIENTED_EDGE('',*,*,#1072,.F.);
#1341=ORIENTED_EDGE('',*,*,#1073,.F.);
#1342=ORIENTED_EDGE('',*,*,#1074,.F.);
#1343=ORIENTED_EDGE('',*,*,#1059,.T.);
#1344=ORIENTED_EDGE('',*,*,#1075,.F.);
#1345=ORIENTED_EDGE('',*,*,#1076,.F.);
#1346=ORIENTED_EDGE('',*,*,#1072,.T.);
#1347=ORIENTED_EDGE('',*,*,#1056,.T.);
#1348=ORIENTED_EDGE('',*,*,#1077,.F.);
#1349=ORIENTED_EDGE('',*,*,#1078,.F.);
#1350=ORIENTED_EDGE('',*,*,#1079,.F.);
#1351=ORIENTED_EDGE('',*,*,#1055,.T.);
#1352=ORIENTED_EDGE('',*,*,#1080,.F.);
#1353=ORIENTED_EDGE('',*,*,#1081,.F.);
#1354=ORIENTED_EDGE('',*,*,#1077,.T.);
#1355=ORIENTED_EDGE('',*,*,#1052,.T.);
#1356=ORIENTED_EDGE('',*,*,#1082,.F.);
#1357=ORIENTED_EDGE('',*,*,#1083,.F.);
#1358=ORIENTED_EDGE('',*,*,#1084,.F.);
#1359=ORIENTED_EDGE('',*,*,#1051,.T.);
#1360=ORIENTED_EDGE('',*,*,#1085,.F.);
#1361=ORIENTED_EDGE('',*,*,#1086,.F.);
#1362=ORIENTED_EDGE('',*,*,#1082,.T.);
#1363=ORIENTED_EDGE('',*,*,#1087,.T.);
#1364=ORIENTED_EDGE('',*,*,#1088,.T.);
#1365=ORIENTED_EDGE('',*,*,#1089,.T.);
#1366=ORIENTED_EDGE('',*,*,#1090,.T.);
#1367=ORIENTED_EDGE('',*,*,#1091,.T.);
#1368=ORIENTED_EDGE('',*,*,#1068,.T.);
#1369=ORIENTED_EDGE('',*,*,#1071,.T.);
#1370=ORIENTED_EDGE('',*,*,#1092,.T.);
#1371=ORIENTED_EDGE('',*,*,#1093,.T.);
#1372=ORIENTED_EDGE('',*,*,#1083,.T.);
#1373=ORIENTED_EDGE('',*,*,#1086,.T.);
#1374=ORIENTED_EDGE('',*,*,#1094,.T.);
#1375=ORIENTED_EDGE('',*,*,#1095,.T.);
#1376=ORIENTED_EDGE('',*,*,#1073,.T.);
#1377=ORIENTED_EDGE('',*,*,#1076,.T.);
#1378=ORIENTED_EDGE('',*,*,#1096,.T.);
#1379=ORIENTED_EDGE('',*,*,#1097,.T.);
#1380=ORIENTED_EDGE('',*,*,#1078,.T.);
#1381=ORIENTED_EDGE('',*,*,#1081,.T.);
#1382=ORIENTED_EDGE('',*,*,#1098,.T.);
#1383=ORIENTED_EDGE('',*,*,#1065,.T.);
#1384=ORIENTED_EDGE('',*,*,#1069,.T.);
#1385=ORIENTED_EDGE('',*,*,#1091,.F.);
#1386=ORIENTED_EDGE('',*,*,#1099,.T.);
#1387=ORIENTED_EDGE('',*,*,#1066,.T.);
#1388=ORIENTED_EDGE('',*,*,#1099,.F.);
#1389=ORIENTED_EDGE('',*,*,#1092,.F.);
#1390=ORIENTED_EDGE('',*,*,#1070,.T.);
#1391=ORIENTED_EDGE('',*,*,#1053,.T.);
#1392=ORIENTED_EDGE('',*,*,#1084,.T.);
#1393=ORIENTED_EDGE('',*,*,#1093,.F.);
#1394=ORIENTED_EDGE('',*,*,#1100,.T.);
#1395=ORIENTED_EDGE('',*,*,#1054,.T.);
#1396=ORIENTED_EDGE('',*,*,#1100,.F.);
#1397=ORIENTED_EDGE('',*,*,#1094,.F.);
#1398=ORIENTED_EDGE('',*,*,#1085,.T.);
#1399=ORIENTED_EDGE('',*,*,#1061,.T.);
#1400=ORIENTED_EDGE('',*,*,#1074,.T.);
#1401=ORIENTED_EDGE('',*,*,#1095,.F.);
#1402=ORIENTED_EDGE('',*,*,#1101,.T.);
#1403=ORIENTED_EDGE('',*,*,#1062,.T.);
#1404=ORIENTED_EDGE('',*,*,#1101,.F.);
#1405=ORIENTED_EDGE('',*,*,#1096,.F.);
#1406=ORIENTED_EDGE('',*,*,#1075,.T.);
#1407=ORIENTED_EDGE('',*,*,#1057,.T.);
#1408=ORIENTED_EDGE('',*,*,#1079,.T.);
#1409=ORIENTED_EDGE('',*,*,#1097,.F.);
#1410=ORIENTED_EDGE('',*,*,#1102,.T.);
#1411=ORIENTED_EDGE('',*,*,#1058,.T.);
#1412=ORIENTED_EDGE('',*,*,#1102,.F.);
#1413=ORIENTED_EDGE('',*,*,#1098,.F.);
#1414=ORIENTED_EDGE('',*,*,#1080,.T.);
#1415=ORIENTED_EDGE('',*,*,#1103,.F.);
#1416=ORIENTED_EDGE('',*,*,#1104,.T.);
#1417=ORIENTED_EDGE('',*,*,#1048,.T.);
#1418=ORIENTED_EDGE('',*,*,#1105,.F.);
#1419=ORIENTED_EDGE('',*,*,#1106,.F.);
#1420=ORIENTED_EDGE('',*,*,#1107,.T.);
#1421=ORIENTED_EDGE('',*,*,#1049,.T.);
#1422=ORIENTED_EDGE('',*,*,#1104,.F.);
#1423=ORIENTED_EDGE('',*,*,#1108,.F.);
#1424=ORIENTED_EDGE('',*,*,#1109,.T.);
#1425=ORIENTED_EDGE('',*,*,#1050,.T.);
#1426=ORIENTED_EDGE('',*,*,#1107,.F.);
#1427=ORIENTED_EDGE('',*,*,#1110,.F.);
#1428=ORIENTED_EDGE('',*,*,#1105,.T.);
#1429=ORIENTED_EDGE('',*,*,#1047,.T.);
#1430=ORIENTED_EDGE('',*,*,#1109,.F.);
#1431=ORIENTED_EDGE('',*,*,#1111,.F.);
#1432=ORIENTED_EDGE('',*,*,#1112,.T.);
#1433=ORIENTED_EDGE('',*,*,#1090,.F.);
#1434=ORIENTED_EDGE('',*,*,#1113,.F.);
#1435=ORIENTED_EDGE('',*,*,#1114,.F.);
#1436=ORIENTED_EDGE('',*,*,#1113,.T.);
#1437=ORIENTED_EDGE('',*,*,#1089,.F.);
#1438=ORIENTED_EDGE('',*,*,#1115,.F.);
#1439=ORIENTED_EDGE('',*,*,#1116,.F.);
#1440=ORIENTED_EDGE('',*,*,#1115,.T.);
#1441=ORIENTED_EDGE('',*,*,#1088,.F.);
#1442=ORIENTED_EDGE('',*,*,#1117,.F.);
#1443=ORIENTED_EDGE('',*,*,#1118,.F.);
#1444=ORIENTED_EDGE('',*,*,#1117,.T.);
#1445=ORIENTED_EDGE('',*,*,#1087,.F.);
#1446=ORIENTED_EDGE('',*,*,#1112,.F.);
#1447=ORIENTED_EDGE('',*,*,#1118,.T.);
#1448=ORIENTED_EDGE('',*,*,#1111,.T.);
#1449=ORIENTED_EDGE('',*,*,#1114,.T.);
#1450=ORIENTED_EDGE('',*,*,#1116,.T.);
#1451=ORIENTED_EDGE('',*,*,#1103,.T.);
#1452=ORIENTED_EDGE('',*,*,#1110,.T.);
#1453=ORIENTED_EDGE('',*,*,#1108,.T.);
#1454=ORIENTED_EDGE('',*,*,#1106,.T.);
#1455=ORIENTED_EDGE('',*,*,#1119,.F.);
#1456=ORIENTED_EDGE('',*,*,#1120,.T.);
#1457=ORIENTED_EDGE('',*,*,#1121,.F.);
#1458=ORIENTED_EDGE('',*,*,#1122,.F.);
#1459=ORIENTED_EDGE('',*,*,#1123,.F.);
#1460=ORIENTED_EDGE('',*,*,#1122,.T.);
#1461=ORIENTED_EDGE('',*,*,#1124,.F.);
#1462=ORIENTED_EDGE('',*,*,#1125,.F.);
#1463=ORIENTED_EDGE('',*,*,#1126,.F.);
#1464=ORIENTED_EDGE('',*,*,#1125,.T.);
#1465=ORIENTED_EDGE('',*,*,#1127,.F.);
#1466=ORIENTED_EDGE('',*,*,#1128,.F.);
#1467=ORIENTED_EDGE('',*,*,#1129,.F.);
#1468=ORIENTED_EDGE('',*,*,#1128,.T.);
#1469=ORIENTED_EDGE('',*,*,#1130,.F.);
#1470=ORIENTED_EDGE('',*,*,#1120,.F.);
#1471=ORIENTED_EDGE('',*,*,#1130,.T.);
#1472=ORIENTED_EDGE('',*,*,#1127,.T.);
#1473=ORIENTED_EDGE('',*,*,#1124,.T.);
#1474=ORIENTED_EDGE('',*,*,#1121,.T.);
#1475=ORIENTED_EDGE('',*,*,#1131,.F.);
#1476=ORIENTED_EDGE('',*,*,#1132,.T.);
#1477=ORIENTED_EDGE('',*,*,#1133,.F.);
#1478=ORIENTED_EDGE('',*,*,#1134,.F.);
#1479=ORIENTED_EDGE('',*,*,#1135,.F.);
#1480=ORIENTED_EDGE('',*,*,#1134,.T.);
#1481=ORIENTED_EDGE('',*,*,#1136,.F.);
#1482=ORIENTED_EDGE('',*,*,#1137,.F.);
#1483=ORIENTED_EDGE('',*,*,#1138,.F.);
#1484=ORIENTED_EDGE('',*,*,#1137,.T.);
#1485=ORIENTED_EDGE('',*,*,#1139,.F.);
#1486=ORIENTED_EDGE('',*,*,#1140,.F.);
#1487=ORIENTED_EDGE('',*,*,#1141,.F.);
#1488=ORIENTED_EDGE('',*,*,#1140,.T.);
#1489=ORIENTED_EDGE('',*,*,#1142,.F.);
#1490=ORIENTED_EDGE('',*,*,#1132,.F.);
#1491=ORIENTED_EDGE('',*,*,#1142,.T.);
#1492=ORIENTED_EDGE('',*,*,#1139,.T.);
#1493=ORIENTED_EDGE('',*,*,#1136,.T.);
#1494=ORIENTED_EDGE('',*,*,#1133,.T.);
#1495=ORIENTED_EDGE('',*,*,#1141,.T.);
#1496=ORIENTED_EDGE('',*,*,#1131,.T.);
#1497=ORIENTED_EDGE('',*,*,#1135,.T.);
#1498=ORIENTED_EDGE('',*,*,#1138,.T.);
#1499=ORIENTED_EDGE('',*,*,#1119,.T.);
#1500=ORIENTED_EDGE('',*,*,#1123,.T.);
#1501=ORIENTED_EDGE('',*,*,#1126,.T.);
#1502=ORIENTED_EDGE('',*,*,#1129,.T.);
#1503=ORIENTED_EDGE('',*,*,#1143,.F.);
#1504=ORIENTED_EDGE('',*,*,#1144,.T.);
#1505=ORIENTED_EDGE('',*,*,#1145,.F.);
#1506=ORIENTED_EDGE('',*,*,#1146,.F.);
#1507=ORIENTED_EDGE('',*,*,#1147,.F.);
#1508=ORIENTED_EDGE('',*,*,#1146,.T.);
#1509=ORIENTED_EDGE('',*,*,#1148,.F.);
#1510=ORIENTED_EDGE('',*,*,#1149,.F.);
#1511=ORIENTED_EDGE('',*,*,#1150,.F.);
#1512=ORIENTED_EDGE('',*,*,#1149,.T.);
#1513=ORIENTED_EDGE('',*,*,#1151,.F.);
#1514=ORIENTED_EDGE('',*,*,#1152,.F.);
#1515=ORIENTED_EDGE('',*,*,#1153,.F.);
#1516=ORIENTED_EDGE('',*,*,#1152,.T.);
#1517=ORIENTED_EDGE('',*,*,#1154,.F.);
#1518=ORIENTED_EDGE('',*,*,#1144,.F.);
#1519=ORIENTED_EDGE('',*,*,#1154,.T.);
#1520=ORIENTED_EDGE('',*,*,#1151,.T.);
#1521=ORIENTED_EDGE('',*,*,#1148,.T.);
#1522=ORIENTED_EDGE('',*,*,#1145,.T.);
#1523=ORIENTED_EDGE('',*,*,#1153,.T.);
#1524=ORIENTED_EDGE('',*,*,#1143,.T.);
#1525=ORIENTED_EDGE('',*,*,#1147,.T.);
#1526=ORIENTED_EDGE('',*,*,#1150,.T.);
#1527=ORIENTED_EDGE('',*,*,#1155,.F.);
#1528=ORIENTED_EDGE('',*,*,#1156,.T.);
#1529=ORIENTED_EDGE('',*,*,#1157,.F.);
#1530=ORIENTED_EDGE('',*,*,#1158,.F.);
#1531=ORIENTED_EDGE('',*,*,#1159,.F.);
#1532=ORIENTED_EDGE('',*,*,#1160,.T.);
#1533=ORIENTED_EDGE('',*,*,#1161,.F.);
#1534=ORIENTED_EDGE('',*,*,#1156,.F.);
#1535=ORIENTED_EDGE('',*,*,#1162,.F.);
#1536=ORIENTED_EDGE('',*,*,#1163,.T.);
#1537=ORIENTED_EDGE('',*,*,#1164,.F.);
#1538=ORIENTED_EDGE('',*,*,#1160,.F.);
#1539=ORIENTED_EDGE('',*,*,#1165,.F.);
#1540=ORIENTED_EDGE('',*,*,#1158,.T.);
#1541=ORIENTED_EDGE('',*,*,#1166,.F.);
#1542=ORIENTED_EDGE('',*,*,#1163,.F.);
#1543=ORIENTED_EDGE('',*,*,#1167,.F.);
#1544=ORIENTED_EDGE('',*,*,#1168,.T.);
#1545=ORIENTED_EDGE('',*,*,#1169,.T.);
#1546=ORIENTED_EDGE('',*,*,#1170,.F.);
#1547=ORIENTED_EDGE('',*,*,#1171,.F.);
#1548=ORIENTED_EDGE('',*,*,#1172,.T.);
#1549=ORIENTED_EDGE('',*,*,#1173,.T.);
#1550=ORIENTED_EDGE('',*,*,#1168,.F.);
#1551=ORIENTED_EDGE('',*,*,#1174,.F.);
#1552=ORIENTED_EDGE('',*,*,#1175,.T.);
#1553=ORIENTED_EDGE('',*,*,#1176,.T.);
#1554=ORIENTED_EDGE('',*,*,#1172,.F.);
#1555=ORIENTED_EDGE('',*,*,#1157,.T.);
#1556=ORIENTED_EDGE('',*,*,#1161,.T.);
#1557=ORIENTED_EDGE('',*,*,#1164,.T.);
#1558=ORIENTED_EDGE('',*,*,#1166,.T.);
#1559=ORIENTED_EDGE('',*,*,#1177,.F.);
#1560=ORIENTED_EDGE('',*,*,#1170,.T.);
#1561=ORIENTED_EDGE('',*,*,#1178,.T.);
#1562=ORIENTED_EDGE('',*,*,#1175,.F.);
#1563=ORIENTED_EDGE('',*,*,#1178,.F.);
#1564=ORIENTED_EDGE('',*,*,#1169,.F.);
#1565=ORIENTED_EDGE('',*,*,#1173,.F.);
#1566=ORIENTED_EDGE('',*,*,#1176,.F.);
#1567=ORIENTED_EDGE('',*,*,#1179,.F.);
#1568=ORIENTED_EDGE('',*,*,#1180,.T.);
#1569=ORIENTED_EDGE('',*,*,#1181,.F.);
#1570=ORIENTED_EDGE('',*,*,#1182,.F.);
#1571=ORIENTED_EDGE('',*,*,#1167,.T.);
#1572=ORIENTED_EDGE('',*,*,#1177,.T.);
#1573=ORIENTED_EDGE('',*,*,#1174,.T.);
#1574=ORIENTED_EDGE('',*,*,#1171,.T.);
#1575=ORIENTED_EDGE('',*,*,#1183,.F.);
#1576=ORIENTED_EDGE('',*,*,#1182,.T.);
#1577=ORIENTED_EDGE('',*,*,#1184,.F.);
#1578=ORIENTED_EDGE('',*,*,#1185,.F.);
#1579=ORIENTED_EDGE('',*,*,#1155,.T.);
#1580=ORIENTED_EDGE('',*,*,#1165,.T.);
#1581=ORIENTED_EDGE('',*,*,#1162,.T.);
#1582=ORIENTED_EDGE('',*,*,#1159,.T.);
#1583=ORIENTED_EDGE('',*,*,#1186,.F.);
#1584=ORIENTED_EDGE('',*,*,#1185,.T.);
#1585=ORIENTED_EDGE('',*,*,#1187,.F.);
#1586=ORIENTED_EDGE('',*,*,#1188,.F.);
#1587=ORIENTED_EDGE('',*,*,#1189,.F.);
#1588=ORIENTED_EDGE('',*,*,#1188,.T.);
#1589=ORIENTED_EDGE('',*,*,#1190,.F.);
#1590=ORIENTED_EDGE('',*,*,#1180,.F.);
#1591=ORIENTED_EDGE('',*,*,#1190,.T.);
#1592=ORIENTED_EDGE('',*,*,#1187,.T.);
#1593=ORIENTED_EDGE('',*,*,#1184,.T.);
#1594=ORIENTED_EDGE('',*,*,#1181,.T.);
#1595=ORIENTED_EDGE('',*,*,#1189,.T.);
#1596=ORIENTED_EDGE('',*,*,#1179,.T.);
#1597=ORIENTED_EDGE('',*,*,#1183,.T.);
#1598=ORIENTED_EDGE('',*,*,#1186,.T.);
#1599=ORIENTED_EDGE('',*,*,#1191,.F.);
#1600=ORIENTED_EDGE('',*,*,#1192,.F.);
#1601=ORIENTED_EDGE('',*,*,#1193,.F.);
#1602=ORIENTED_EDGE('',*,*,#1194,.T.);
#1603=ORIENTED_EDGE('',*,*,#1195,.F.);
#1604=ORIENTED_EDGE('',*,*,#1194,.F.);
#1605=ORIENTED_EDGE('',*,*,#1196,.F.);
#1606=ORIENTED_EDGE('',*,*,#1197,.T.);
#1607=ORIENTED_EDGE('',*,*,#1198,.F.);
#1608=ORIENTED_EDGE('',*,*,#1197,.F.);
#1609=ORIENTED_EDGE('',*,*,#1199,.F.);
#1610=ORIENTED_EDGE('',*,*,#1200,.T.);
#1611=ORIENTED_EDGE('',*,*,#1201,.F.);
#1612=ORIENTED_EDGE('',*,*,#1200,.F.);
#1613=ORIENTED_EDGE('',*,*,#1202,.F.);
#1614=ORIENTED_EDGE('',*,*,#1192,.T.);
#1615=ORIENTED_EDGE('',*,*,#1203,.F.);
#1616=ORIENTED_EDGE('',*,*,#1204,.T.);
#1617=ORIENTED_EDGE('',*,*,#1205,.F.);
#1618=ORIENTED_EDGE('',*,*,#1206,.F.);
#1619=ORIENTED_EDGE('',*,*,#1207,.F.);
#1620=ORIENTED_EDGE('',*,*,#1208,.T.);
#1621=ORIENTED_EDGE('',*,*,#1209,.F.);
#1622=ORIENTED_EDGE('',*,*,#1204,.F.);
#1623=ORIENTED_EDGE('',*,*,#1210,.F.);
#1624=ORIENTED_EDGE('',*,*,#1211,.T.);
#1625=ORIENTED_EDGE('',*,*,#1212,.F.);
#1626=ORIENTED_EDGE('',*,*,#1208,.F.);
#1627=ORIENTED_EDGE('',*,*,#1213,.F.);
#1628=ORIENTED_EDGE('',*,*,#1206,.T.);
#1629=ORIENTED_EDGE('',*,*,#1214,.F.);
#1630=ORIENTED_EDGE('',*,*,#1211,.F.);
#1631=ORIENTED_EDGE('',*,*,#1215,.F.);
#1632=ORIENTED_EDGE('',*,*,#1216,.T.);
#1633=ORIENTED_EDGE('',*,*,#1217,.F.);
#1634=ORIENTED_EDGE('',*,*,#1218,.F.);
#1635=ORIENTED_EDGE('',*,*,#1219,.F.);
#1636=ORIENTED_EDGE('',*,*,#1220,.T.);
#1637=ORIENTED_EDGE('',*,*,#1221,.F.);
#1638=ORIENTED_EDGE('',*,*,#1216,.F.);
#1639=ORIENTED_EDGE('',*,*,#1222,.F.);
#1640=ORIENTED_EDGE('',*,*,#1223,.T.);
#1641=ORIENTED_EDGE('',*,*,#1224,.F.);
#1642=ORIENTED_EDGE('',*,*,#1220,.F.);
#1643=ORIENTED_EDGE('',*,*,#1225,.F.);
#1644=ORIENTED_EDGE('',*,*,#1218,.T.);
#1645=ORIENTED_EDGE('',*,*,#1226,.F.);
#1646=ORIENTED_EDGE('',*,*,#1223,.F.);
#1647=ORIENTED_EDGE('',*,*,#1227,.F.);
#1648=ORIENTED_EDGE('',*,*,#1228,.T.);
#1649=ORIENTED_EDGE('',*,*,#1229,.T.);
#1650=ORIENTED_EDGE('',*,*,#1230,.F.);
#1651=ORIENTED_EDGE('',*,*,#1198,.T.);
#1652=ORIENTED_EDGE('',*,*,#1201,.T.);
#1653=ORIENTED_EDGE('',*,*,#1191,.T.);
#1654=ORIENTED_EDGE('',*,*,#1195,.T.);
#1655=ORIENTED_EDGE('',*,*,#1231,.F.);
#1656=ORIENTED_EDGE('',*,*,#1232,.T.);
#1657=ORIENTED_EDGE('',*,*,#1233,.T.);
#1658=ORIENTED_EDGE('',*,*,#1228,.F.);
#1659=ORIENTED_EDGE('',*,*,#1234,.F.);
#1660=ORIENTED_EDGE('',*,*,#1235,.T.);
#1661=ORIENTED_EDGE('',*,*,#1236,.T.);
#1662=ORIENTED_EDGE('',*,*,#1232,.F.);
#1663=ORIENTED_EDGE('',*,*,#1217,.T.);
#1664=ORIENTED_EDGE('',*,*,#1221,.T.);
#1665=ORIENTED_EDGE('',*,*,#1224,.T.);
#1666=ORIENTED_EDGE('',*,*,#1226,.T.);
#1667=ORIENTED_EDGE('',*,*,#1237,.F.);
#1668=ORIENTED_EDGE('',*,*,#1230,.T.);
#1669=ORIENTED_EDGE('',*,*,#1238,.T.);
#1670=ORIENTED_EDGE('',*,*,#1235,.F.);
#1671=ORIENTED_EDGE('',*,*,#1205,.T.);
#1672=ORIENTED_EDGE('',*,*,#1209,.T.);
#1673=ORIENTED_EDGE('',*,*,#1212,.T.);
#1674=ORIENTED_EDGE('',*,*,#1214,.T.);
#1675=ORIENTED_EDGE('',*,*,#1238,.F.);
#1676=ORIENTED_EDGE('',*,*,#1229,.F.);
#1677=ORIENTED_EDGE('',*,*,#1233,.F.);
#1678=ORIENTED_EDGE('',*,*,#1236,.F.);
#1679=ORIENTED_EDGE('',*,*,#1239,.F.);
#1680=ORIENTED_EDGE('',*,*,#1240,.T.);
#1681=ORIENTED_EDGE('',*,*,#1241,.F.);
#1682=ORIENTED_EDGE('',*,*,#1242,.F.);
#1683=ORIENTED_EDGE('',*,*,#1215,.T.);
#1684=ORIENTED_EDGE('',*,*,#1225,.T.);
#1685=ORIENTED_EDGE('',*,*,#1222,.T.);
#1686=ORIENTED_EDGE('',*,*,#1219,.T.);
#1687=ORIENTED_EDGE('',*,*,#1243,.F.);
#1688=ORIENTED_EDGE('',*,*,#1242,.T.);
#1689=ORIENTED_EDGE('',*,*,#1244,.F.);
#1690=ORIENTED_EDGE('',*,*,#1245,.F.);
#1691=ORIENTED_EDGE('',*,*,#1203,.T.);
#1692=ORIENTED_EDGE('',*,*,#1213,.T.);
#1693=ORIENTED_EDGE('',*,*,#1210,.T.);
#1694=ORIENTED_EDGE('',*,*,#1207,.T.);
#1695=ORIENTED_EDGE('',*,*,#1246,.F.);
#1696=ORIENTED_EDGE('',*,*,#1245,.T.);
#1697=ORIENTED_EDGE('',*,*,#1247,.F.);
#1698=ORIENTED_EDGE('',*,*,#1248,.F.);
#1699=ORIENTED_EDGE('',*,*,#1199,.T.);
#1700=ORIENTED_EDGE('',*,*,#1196,.T.);
#1701=ORIENTED_EDGE('',*,*,#1193,.T.);
#1702=ORIENTED_EDGE('',*,*,#1202,.T.);
#1703=ORIENTED_EDGE('',*,*,#1249,.F.);
#1704=ORIENTED_EDGE('',*,*,#1248,.T.);
#1705=ORIENTED_EDGE('',*,*,#1250,.F.);
#1706=ORIENTED_EDGE('',*,*,#1240,.F.);
#1707=ORIENTED_EDGE('',*,*,#1250,.T.);
#1708=ORIENTED_EDGE('',*,*,#1247,.T.);
#1709=ORIENTED_EDGE('',*,*,#1244,.T.);
#1710=ORIENTED_EDGE('',*,*,#1241,.T.);
#1711=ORIENTED_EDGE('',*,*,#1249,.T.);
#1712=ORIENTED_EDGE('',*,*,#1239,.T.);
#1713=ORIENTED_EDGE('',*,*,#1243,.T.);
#1714=ORIENTED_EDGE('',*,*,#1246,.T.);
#1715=ORIENTED_EDGE('',*,*,#1227,.T.);
#1716=ORIENTED_EDGE('',*,*,#1237,.T.);
#1717=ORIENTED_EDGE('',*,*,#1234,.T.);
#1718=ORIENTED_EDGE('',*,*,#1231,.T.);
#1719=ORIENTED_EDGE('',*,*,#1251,.F.);
#1720=ORIENTED_EDGE('',*,*,#1252,.T.);
#1721=ORIENTED_EDGE('',*,*,#1253,.F.);
#1722=ORIENTED_EDGE('',*,*,#1254,.F.);
#1723=ORIENTED_EDGE('',*,*,#1255,.F.);
#1724=ORIENTED_EDGE('',*,*,#1254,.T.);
#1725=ORIENTED_EDGE('',*,*,#1256,.F.);
#1726=ORIENTED_EDGE('',*,*,#1257,.F.);
#1727=ORIENTED_EDGE('',*,*,#1258,.F.);
#1728=ORIENTED_EDGE('',*,*,#1257,.T.);
#1729=ORIENTED_EDGE('',*,*,#1259,.F.);
#1730=ORIENTED_EDGE('',*,*,#1260,.F.);
#1731=ORIENTED_EDGE('',*,*,#1261,.F.);
#1732=ORIENTED_EDGE('',*,*,#1260,.T.);
#1733=ORIENTED_EDGE('',*,*,#1262,.F.);
#1734=ORIENTED_EDGE('',*,*,#1252,.F.);
#1735=ORIENTED_EDGE('',*,*,#1262,.T.);
#1736=ORIENTED_EDGE('',*,*,#1259,.T.);
#1737=ORIENTED_EDGE('',*,*,#1256,.T.);
#1738=ORIENTED_EDGE('',*,*,#1253,.T.);
#1739=ORIENTED_EDGE('',*,*,#1261,.T.);
#1740=ORIENTED_EDGE('',*,*,#1251,.T.);
#1741=ORIENTED_EDGE('',*,*,#1255,.T.);
#1742=ORIENTED_EDGE('',*,*,#1258,.T.);
#1743=ORIENTED_EDGE('',*,*,#1263,.T.);
#1744=ORIENTED_EDGE('',*,*,#1264,.T.);
#1745=ORIENTED_EDGE('',*,*,#1265,.F.);
#1746=ORIENTED_EDGE('',*,*,#1266,.F.);
#1747=ORIENTED_EDGE('',*,*,#1267,.T.);
#1748=ORIENTED_EDGE('',*,*,#1266,.T.);
#1749=ORIENTED_EDGE('',*,*,#1268,.F.);
#1750=ORIENTED_EDGE('',*,*,#1269,.F.);
#1751=ORIENTED_EDGE('',*,*,#1270,.T.);
#1752=ORIENTED_EDGE('',*,*,#1269,.T.);
#1753=ORIENTED_EDGE('',*,*,#1271,.F.);
#1754=ORIENTED_EDGE('',*,*,#1272,.F.);
#1755=ORIENTED_EDGE('',*,*,#1273,.T.);
#1756=ORIENTED_EDGE('',*,*,#1272,.T.);
#1757=ORIENTED_EDGE('',*,*,#1274,.F.);
#1758=ORIENTED_EDGE('',*,*,#1264,.F.);
#1759=ORIENTED_EDGE('',*,*,#1274,.T.);
#1760=ORIENTED_EDGE('',*,*,#1271,.T.);
#1761=ORIENTED_EDGE('',*,*,#1268,.T.);
#1762=ORIENTED_EDGE('',*,*,#1265,.T.);
#1763=ORIENTED_EDGE('',*,*,#1273,.F.);
#1764=ORIENTED_EDGE('',*,*,#1263,.F.);
#1765=ORIENTED_EDGE('',*,*,#1267,.F.);
#1766=ORIENTED_EDGE('',*,*,#1270,.F.);
#1767=ORIENTED_EDGE('',*,*,#1275,.F.);
#1768=ORIENTED_EDGE('',*,*,#1276,.T.);
#1769=ORIENTED_EDGE('',*,*,#1277,.F.);
#1770=ORIENTED_EDGE('',*,*,#1278,.F.);
#1771=ORIENTED_EDGE('',*,*,#1279,.F.);
#1772=ORIENTED_EDGE('',*,*,#1280,.T.);
#1773=ORIENTED_EDGE('',*,*,#1281,.F.);
#1774=ORIENTED_EDGE('',*,*,#1276,.F.);
#1775=ORIENTED_EDGE('',*,*,#1282,.F.);
#1776=ORIENTED_EDGE('',*,*,#1283,.T.);
#1777=ORIENTED_EDGE('',*,*,#1284,.F.);
#1778=ORIENTED_EDGE('',*,*,#1280,.F.);
#1779=ORIENTED_EDGE('',*,*,#1285,.F.);
#1780=ORIENTED_EDGE('',*,*,#1278,.T.);
#1781=ORIENTED_EDGE('',*,*,#1286,.F.);
#1782=ORIENTED_EDGE('',*,*,#1283,.F.);
#1783=ORIENTED_EDGE('',*,*,#1287,.F.);
#1784=ORIENTED_EDGE('',*,*,#1288,.T.);
#1785=ORIENTED_EDGE('',*,*,#1289,.T.);
#1786=ORIENTED_EDGE('',*,*,#1290,.F.);
#1787=ORIENTED_EDGE('',*,*,#1291,.F.);
#1788=ORIENTED_EDGE('',*,*,#1292,.T.);
#1789=ORIENTED_EDGE('',*,*,#1293,.T.);
#1790=ORIENTED_EDGE('',*,*,#1288,.F.);
#1791=ORIENTED_EDGE('',*,*,#1277,.T.);
#1792=ORIENTED_EDGE('',*,*,#1281,.T.);
#1793=ORIENTED_EDGE('',*,*,#1284,.T.);
#1794=ORIENTED_EDGE('',*,*,#1286,.T.);
#1795=ORIENTED_EDGE('',*,*,#1294,.F.);
#1796=ORIENTED_EDGE('',*,*,#1295,.T.);
#1797=ORIENTED_EDGE('',*,*,#1296,.T.);
#1798=ORIENTED_EDGE('',*,*,#1292,.F.);
#1799=ORIENTED_EDGE('',*,*,#1297,.F.);
#1800=ORIENTED_EDGE('',*,*,#1290,.T.);
#1801=ORIENTED_EDGE('',*,*,#1298,.T.);
#1802=ORIENTED_EDGE('',*,*,#1295,.F.);
#1803=ORIENTED_EDGE('',*,*,#1298,.F.);
#1804=ORIENTED_EDGE('',*,*,#1289,.F.);
#1805=ORIENTED_EDGE('',*,*,#1293,.F.);
#1806=ORIENTED_EDGE('',*,*,#1296,.F.);
#1807=ORIENTED_EDGE('',*,*,#1299,.F.);
#1808=ORIENTED_EDGE('',*,*,#1300,.T.);
#1809=ORIENTED_EDGE('',*,*,#1301,.F.);
#1810=ORIENTED_EDGE('',*,*,#1302,.F.);
#1811=ORIENTED_EDGE('',*,*,#1303,.F.);
#1812=ORIENTED_EDGE('',*,*,#1302,.T.);
#1813=ORIENTED_EDGE('',*,*,#1304,.F.);
#1814=ORIENTED_EDGE('',*,*,#1305,.F.);
#1815=ORIENTED_EDGE('',*,*,#1275,.T.);
#1816=ORIENTED_EDGE('',*,*,#1285,.T.);
#1817=ORIENTED_EDGE('',*,*,#1282,.T.);
#1818=ORIENTED_EDGE('',*,*,#1279,.T.);
#1819=ORIENTED_EDGE('',*,*,#1306,.F.);
#1820=ORIENTED_EDGE('',*,*,#1305,.T.);
#1821=ORIENTED_EDGE('',*,*,#1307,.F.);
#1822=ORIENTED_EDGE('',*,*,#1308,.F.);
#1823=ORIENTED_EDGE('',*,*,#1309,.F.);
#1824=ORIENTED_EDGE('',*,*,#1308,.T.);
#1825=ORIENTED_EDGE('',*,*,#1310,.F.);
#1826=ORIENTED_EDGE('',*,*,#1300,.F.);
#1827=ORIENTED_EDGE('',*,*,#1310,.T.);
#1828=ORIENTED_EDGE('',*,*,#1307,.T.);
#1829=ORIENTED_EDGE('',*,*,#1304,.T.);
#1830=ORIENTED_EDGE('',*,*,#1301,.T.);
#1831=ORIENTED_EDGE('',*,*,#1287,.T.);
#1832=ORIENTED_EDGE('',*,*,#1297,.T.);
#1833=ORIENTED_EDGE('',*,*,#1294,.T.);
#1834=ORIENTED_EDGE('',*,*,#1291,.T.);
#1835=ORIENTED_EDGE('',*,*,#1309,.T.);
#1836=ORIENTED_EDGE('',*,*,#1299,.T.);
#1837=ORIENTED_EDGE('',*,*,#1303,.T.);
#1838=ORIENTED_EDGE('',*,*,#1306,.T.);
#1839=PLANE('',#2145);
#1840=PLANE('',#2146);
#1841=PLANE('',#2147);
#1842=PLANE('',#2148);
#1843=PLANE('',#2149);
#1844=PLANE('',#2150);
#1845=PLANE('',#2151);
#1846=PLANE('',#2152);
#1847=PLANE('',#2153);
#1848=PLANE('',#2154);
#1849=PLANE('',#2155);
#1850=PLANE('',#2156);
#1851=PLANE('',#2157);
#1852=PLANE('',#2158);
#1853=PLANE('',#2159);
#1854=PLANE('',#2160);
#1855=PLANE('',#2161);
#1856=PLANE('',#2162);
#1857=PLANE('',#2163);
#1858=PLANE('',#2164);
#1859=PLANE('',#2165);
#1860=PLANE('',#2166);
#1861=PLANE('',#2167);
#1862=PLANE('',#2168);
#1863=PLANE('',#2169);
#1864=PLANE('',#2170);
#1865=PLANE('',#2171);
#1866=PLANE('',#2174);
#1867=PLANE('',#2175);
#1868=PLANE('',#2176);
#1869=PLANE('',#2177);
#1870=PLANE('',#2178);
#1871=PLANE('',#2179);
#1872=PLANE('',#2180);
#1873=PLANE('',#2181);
#1874=PLANE('',#2182);
#1875=PLANE('',#2183);
#1876=PLANE('',#2184);
#1877=PLANE('',#2186);
#1878=PLANE('',#2187);
#1879=PLANE('',#2188);
#1880=PLANE('',#2189);
#1881=PLANE('',#2190);
#1882=PLANE('',#2191);
#1883=PLANE('',#2193);
#1884=PLANE('',#2194);
#1885=PLANE('',#2195);
#1886=PLANE('',#2196);
#1887=PLANE('',#2197);
#1888=PLANE('',#2198);
#1889=PLANE('',#2199);
#1890=PLANE('',#2200);
#1891=PLANE('',#2201);
#1892=PLANE('',#2202);
#1893=PLANE('',#2203);
#1894=PLANE('',#2204);
#1895=PLANE('',#2205);
#1896=PLANE('',#2206);
#1897=PLANE('',#2207);
#1898=PLANE('',#2209);
#1899=PLANE('',#2210);
#1900=PLANE('',#2211);
#1901=PLANE('',#2212);
#1902=PLANE('',#2213);
#1903=PLANE('',#2214);
#1904=PLANE('',#2215);
#1905=PLANE('',#2216);
#1906=PLANE('',#2217);
#1907=PLANE('',#2218);
#1908=PLANE('',#2219);
#1909=PLANE('',#2220);
#1910=PLANE('',#2221);
#1911=PLANE('',#2222);
#1912=PLANE('',#2223);
#1913=PLANE('',#2224);
#1914=PLANE('',#2225);
#1915=PLANE('',#2226);
#1916=PLANE('',#2227);
#1917=PLANE('',#2228);
#1918=PLANE('',#2229);
#1919=PLANE('',#2230);
#1920=PLANE('',#2231);
#1921=PLANE('',#2233);
#1922=PLANE('',#2234);
#1923=PLANE('',#2235);
#1924=PLANE('',#2236);
#1925=PLANE('',#2237);
#1926=PLANE('',#2238);
#1927=PLANE('',#2246);
#1928=PLANE('',#2247);
#1929=PLANE('',#2248);
#1930=PLANE('',#2249);
#1931=PLANE('',#2250);
#1932=PLANE('',#2251);
#1933=PLANE('',#2252);
#1934=PLANE('',#2253);
#1935=PLANE('',#2254);
#1936=PLANE('',#2255);
#1937=PLANE('',#2256);
#1938=PLANE('',#2257);
#1939=PLANE('',#2258);
#1940=PLANE('',#2259);
#1941=PLANE('',#2260);
#1942=PLANE('',#2261);
#1943=PLANE('',#2262);
#1944=PLANE('',#2263);
#1945=PLANE('',#2264);
#1946=PLANE('',#2265);
#1947=PLANE('',#2266);
#1948=ADVANCED_FACE('',(#102,#79,#80,#81,#82),#1839,.F.);
#1949=ADVANCED_FACE('',(#103),#1840,.F.);
#1950=ADVANCED_FACE('',(#104),#1841,.F.);
#1951=ADVANCED_FACE('',(#105),#1842,.F.);
#1952=ADVANCED_FACE('',(#106),#1843,.F.);
#1953=ADVANCED_FACE('',(#107),#1844,.F.);
#1954=ADVANCED_FACE('',(#108),#1845,.F.);
#1955=ADVANCED_FACE('',(#109),#1846,.F.);
#1956=ADVANCED_FACE('',(#110),#1847,.F.);
#1957=ADVANCED_FACE('',(#111,#83,#84,#85,#86),#1848,.T.);
#1958=ADVANCED_FACE('',(#112),#1849,.F.);
#1959=ADVANCED_FACE('',(#113),#1850,.F.);
#1960=ADVANCED_FACE('',(#114),#1851,.F.);
#1961=ADVANCED_FACE('',(#115),#1852,.F.);
#1962=ADVANCED_FACE('',(#116),#1853,.F.);
#1963=ADVANCED_FACE('',(#117),#1854,.F.);
#1964=ADVANCED_FACE('',(#118),#1855,.F.);
#1965=ADVANCED_FACE('',(#119),#1856,.F.);
#1966=ADVANCED_FACE('',(#120),#1857,.F.);
#1967=ADVANCED_FACE('',(#121),#1858,.F.);
#1968=ADVANCED_FACE('',(#122),#1859,.F.);
#1969=ADVANCED_FACE('',(#123),#1860,.F.);
#1970=ADVANCED_FACE('',(#124),#1861,.T.);
#1971=ADVANCED_FACE('',(#125),#1862,.T.);
#1972=ADVANCED_FACE('',(#126),#1863,.T.);
#1973=ADVANCED_FACE('',(#127),#1864,.T.);
#1974=ADVANCED_FACE('',(#128,#87),#1865,.F.);
#1975=ADVANCED_FACE('',(#129),#1866,.T.);
#1976=ADVANCED_FACE('',(#130),#1867,.T.);
#1977=ADVANCED_FACE('',(#131),#1868,.T.);
#1978=ADVANCED_FACE('',(#132),#1869,.T.);
#1979=ADVANCED_FACE('',(#133),#1870,.T.);
#1980=ADVANCED_FACE('',(#134),#1871,.T.);
#1981=ADVANCED_FACE('',(#135),#1872,.T.);
#1982=ADVANCED_FACE('',(#136),#1873,.T.);
#1983=ADVANCED_FACE('',(#137),#1874,.T.);
#1984=ADVANCED_FACE('',(#138),#1875,.T.);
#1985=ADVANCED_FACE('',(#139,#88),#1876,.F.);
#1986=ADVANCED_FACE('',(#140),#1877,.T.);
#1987=ADVANCED_FACE('',(#141),#1878,.T.);
#1988=ADVANCED_FACE('',(#142),#1879,.T.);
#1989=ADVANCED_FACE('',(#143),#1880,.T.);
#1990=ADVANCED_FACE('',(#144),#1881,.T.);
#1991=ADVANCED_FACE('',(#145),#1882,.F.);
#1992=ADVANCED_FACE('',(#146),#1883,.F.);
#1993=ADVANCED_FACE('',(#147),#1884,.F.);
#1994=ADVANCED_FACE('',(#148),#1885,.F.);
#1995=ADVANCED_FACE('',(#149),#1886,.F.);
#1996=ADVANCED_FACE('',(#150),#1887,.F.);
#1997=ADVANCED_FACE('',(#151),#1888,.F.);
#1998=ADVANCED_FACE('',(#152,#89),#1889,.F.);
#1999=ADVANCED_FACE('',(#153),#1890,.F.);
#2000=ADVANCED_FACE('',(#154),#1891,.F.);
#2001=ADVANCED_FACE('',(#155,#90),#1892,.T.);
#2002=ADVANCED_FACE('',(#156,#91),#1893,.T.);
#2003=ADVANCED_FACE('',(#157),#1894,.T.);
#2004=ADVANCED_FACE('',(#158),#1895,.T.);
#2005=ADVANCED_FACE('',(#159),#1896,.T.);
#2006=ADVANCED_FACE('',(#160),#1897,.F.);
#2007=ADVANCED_FACE('',(#161),#1898,.F.);
#2008=ADVANCED_FACE('',(#162),#1899,.F.);
#2009=ADVANCED_FACE('',(#163),#1900,.F.);
#2010=ADVANCED_FACE('',(#164),#1901,.F.);
#2011=ADVANCED_FACE('',(#165),#1902,.F.);
#2012=ADVANCED_FACE('',(#166),#1903,.F.);
#2013=ADVANCED_FACE('',(#167),#1904,.F.);
#2014=ADVANCED_FACE('',(#168),#1905,.F.);
#2015=ADVANCED_FACE('',(#169),#1906,.F.);
#2016=ADVANCED_FACE('',(#170),#1907,.F.);
#2017=ADVANCED_FACE('',(#171),#1908,.F.);
#2018=ADVANCED_FACE('',(#172),#1909,.F.);
#2019=ADVANCED_FACE('',(#173,#92),#1910,.F.);
#2020=ADVANCED_FACE('',(#174),#1911,.F.);
#2021=ADVANCED_FACE('',(#175,#93),#1912,.F.);
#2022=ADVANCED_FACE('',(#176,#94),#1913,.F.);
#2023=ADVANCED_FACE('',(#177),#1914,.F.);
#2024=ADVANCED_FACE('',(#178,#95),#1915,.T.);
#2025=ADVANCED_FACE('',(#179,#96),#1916,.T.);
#2026=ADVANCED_FACE('',(#180,#97),#1917,.T.);
#2027=ADVANCED_FACE('',(#181),#1918,.T.);
#2028=ADVANCED_FACE('',(#182),#1919,.T.);
#2029=ADVANCED_FACE('',(#183,#98),#1920,.F.);
#2030=ADVANCED_FACE('',(#184),#1921,.T.);
#2031=ADVANCED_FACE('',(#185),#1922,.T.);
#2032=ADVANCED_FACE('',(#186),#1923,.T.);
#2033=ADVANCED_FACE('',(#187),#1924,.T.);
#2034=ADVANCED_FACE('',(#188),#1925,.T.);
#2035=ADVANCED_FACE('',(#189),#1926,.F.);
#2036=ADVANCED_FACE('',(#190),#1927,.T.);
#2037=ADVANCED_FACE('',(#191),#1928,.T.);
#2038=ADVANCED_FACE('',(#192),#1929,.T.);
#2039=ADVANCED_FACE('',(#193),#1930,.T.);
#2040=ADVANCED_FACE('',(#194),#1931,.T.);
#2041=ADVANCED_FACE('',(#195),#1932,.F.);
#2042=ADVANCED_FACE('',(#196),#1933,.F.);
#2043=ADVANCED_FACE('',(#197),#1934,.F.);
#2044=ADVANCED_FACE('',(#198),#1935,.F.);
#2045=ADVANCED_FACE('',(#199),#1936,.F.);
#2046=ADVANCED_FACE('',(#200),#1937,.F.);
#2047=ADVANCED_FACE('',(#201,#99),#1938,.F.);
#2048=ADVANCED_FACE('',(#202),#1939,.F.);
#2049=ADVANCED_FACE('',(#203),#1940,.F.);
#2050=ADVANCED_FACE('',(#204),#1941,.F.);
#2051=ADVANCED_FACE('',(#205),#1942,.T.);
#2052=ADVANCED_FACE('',(#206,#100),#1943,.T.);
#2053=ADVANCED_FACE('',(#207),#1944,.T.);
#2054=ADVANCED_FACE('',(#208),#1945,.T.);
#2055=ADVANCED_FACE('',(#209,#101),#1946,.T.);
#2056=ADVANCED_FACE('',(#210),#1947,.F.);
#2057=CLOSED_SHELL('',(#1948,#1949,#1950,#1951,#1952,#1953,#1954,#1955,
#1956,#1957,#1958,#1959,#1960,#1961,#1962,#1963,#1964,#1965,#1966,#1967,
#1968,#1969,#1970,#1971,#1972,#1973,#1974));
#2058=CLOSED_SHELL('',(#1975,#1976,#1977,#1978,#1979,#1980,#1981,#1982,
#1983,#1984,#1985));
#2059=CLOSED_SHELL('',(#1986,#1987,#1988,#1989,#1990,#1991));
#2060=CLOSED_SHELL('',(#1992,#1993,#1994,#1995,#1996,#1997,#1998,#1999,
#2000,#2001,#2002,#2003,#2004,#2005,#2006));
#2061=CLOSED_SHELL('',(#2007,#2008,#2009,#2010,#2011,#2012,#2013,#2014,
#2015,#2016,#2017,#2018,#2019,#2020,#2021,#2022,#2023,#2024,#2025,#2026,
#2027,#2028,#2029));
#2062=CLOSED_SHELL('',(#2030,#2031,#2032,#2033,#2034,#2035));
#2063=CLOSED_SHELL('',(#2036,#2037,#2038,#2039,#2040,#2041));
#2064=CLOSED_SHELL('',(#2042,#2043,#2044,#2045,#2046,#2047,#2048,#2049,
#2050,#2051,#2052,#2053,#2054,#2055,#2056));
#2065=DERIVED_UNIT_ELEMENT(#2079,1.);
#2066=DERIVED_UNIT_ELEMENT(#3382,-3.);
#2067=DERIVED_UNIT_ELEMENT(#2079,1.);
#2068=DERIVED_UNIT_ELEMENT(#3382,-3.);
#2069=DERIVED_UNIT_ELEMENT(#2079,1.);
#2070=DERIVED_UNIT_ELEMENT(#3382,-3.);
#2071=DERIVED_UNIT_ELEMENT(#2079,1.);
#2072=DERIVED_UNIT_ELEMENT(#3382,-3.);
#2073=DERIVED_UNIT_ELEMENT(#2079,1.);
#2074=DERIVED_UNIT_ELEMENT(#3382,-3.);
#2075=DERIVED_UNIT_ELEMENT(#2079,1.);
#2076=DERIVED_UNIT_ELEMENT(#3382,-3.);
#2077=DERIVED_UNIT_ELEMENT(#2079,1.);
#2078=DERIVED_UNIT_ELEMENT(#3382,-3.);
#2079=(
MASS_UNIT()
NAMED_UNIT(*)
SI_UNIT(.KILO.,.GRAM.)
);
#2080=DERIVED_UNIT((#2065,#2066));
#2081=DERIVED_UNIT((#2067,#2068));
#2082=DERIVED_UNIT((#2069,#2070));
#2083=DERIVED_UNIT((#2071,#2072));
#2084=DERIVED_UNIT((#2073,#2074));
#2085=DERIVED_UNIT((#2075,#2076));
#2086=DERIVED_UNIT((#2077,#2078));
#2087=MEASURE_REPRESENTATION_ITEM('density measure',
POSITIVE_RATIO_MEASURE(544.),#2080);
#2088=MEASURE_REPRESENTATION_ITEM('density measure',
POSITIVE_RATIO_MEASURE(7850.),#2081);
#2089=MEASURE_REPRESENTATION_ITEM('density measure',
POSITIVE_RATIO_MEASURE(7850.),#2082);
#2090=MEASURE_REPRESENTATION_ITEM('density measure',
POSITIVE_RATIO_MEASURE(7850.),#2083);
#2091=MEASURE_REPRESENTATION_ITEM('density measure',
POSITIVE_RATIO_MEASURE(544.),#2084);
#2092=MEASURE_REPRESENTATION_ITEM('density measure',
POSITIVE_RATIO_MEASURE(544.),#2085);
#2093=MEASURE_REPRESENTATION_ITEM('density measure',
POSITIVE_RATIO_MEASURE(7850.),#2086);
#2094=PROPERTY_DEFINITION_REPRESENTATION(#2129,#2108);
#2095=PROPERTY_DEFINITION_REPRESENTATION(#2130,#2109);
#2096=PROPERTY_DEFINITION_REPRESENTATION(#2131,#2110);
#2097=PROPERTY_DEFINITION_REPRESENTATION(#2132,#2111);
#2098=PROPERTY_DEFINITION_REPRESENTATION(#2133,#2112);
#2099=PROPERTY_DEFINITION_REPRESENTATION(#2134,#2113);
#2100=PROPERTY_DEFINITION_REPRESENTATION(#2135,#2114);
#2101=PROPERTY_DEFINITION_REPRESENTATION(#2136,#2115);
#2102=PROPERTY_DEFINITION_REPRESENTATION(#2137,#2116);
#2103=PROPERTY_DEFINITION_REPRESENTATION(#2138,#2117);
#2104=PROPERTY_DEFINITION_REPRESENTATION(#2139,#2118);
#2105=PROPERTY_DEFINITION_REPRESENTATION(#2140,#2119);
#2106=PROPERTY_DEFINITION_REPRESENTATION(#2141,#2120);
#2107=PROPERTY_DEFINITION_REPRESENTATION(#2142,#2121);
#2108=REPRESENTATION('material name',(#2122),#3371);
#2109=REPRESENTATION('density',(#2087),#3371);
#2110=REPRESENTATION('material name',(#2123),#3373);
#2111=REPRESENTATION('density',(#2088),#3373);
#2112=REPRESENTATION('material name',(#2124),#3374);
#2113=REPRESENTATION('density',(#2089),#3374);
#2114=REPRESENTATION('material name',(#2125),#3375);
#2115=REPRESENTATION('density',(#2090),#3375);
#2116=REPRESENTATION('material name',(#2126),#3376);
#2117=REPRESENTATION('density',(#2091),#3376);
#2118=REPRESENTATION('material name',(#2127),#3377);
#2119=REPRESENTATION('density',(#2092),#3377);
#2120=REPRESENTATION('material name',(#2128),#3379);
#2121=REPRESENTATION('density',(#2093),#3379);
#2122=DESCRIPTIVE_REPRESENTATION_ITEM('Cherry','Cherry');
#2123=DESCRIPTIVE_REPRESENTATION_ITEM('Steel','Steel');
#2124=DESCRIPTIVE_REPRESENTATION_ITEM('Steel','Steel');
#2125=DESCRIPTIVE_REPRESENTATION_ITEM('Steel','Steel');
#2126=DESCRIPTIVE_REPRESENTATION_ITEM('Cherry','Cherry');
#2127=DESCRIPTIVE_REPRESENTATION_ITEM('Cherry','Cherry');
#2128=DESCRIPTIVE_REPRESENTATION_ITEM('Steel','Steel');
#2129=PROPERTY_DEFINITION('material property','material name',#3426);
#2130=PROPERTY_DEFINITION('material property','density of part',#3426);
#2131=PROPERTY_DEFINITION('material property','material name',#3428);
#2132=PROPERTY_DEFINITION('material property','density of part',#3428);
#2133=PROPERTY_DEFINITION('material property','material name',#3429);
#2134=PROPERTY_DEFINITION('material property','density of part',#3429);
#2135=PROPERTY_DEFINITION('material property','material name',#3430);
#2136=PROPERTY_DEFINITION('material property','density of part',#3430);
#2137=PROPERTY_DEFINITION('material property','material name',#3431);
#2138=PROPERTY_DEFINITION('material property','density of part',#3431);
#2139=PROPERTY_DEFINITION('material property','material name',#3432);
#2140=PROPERTY_DEFINITION('material property','density of part',#3432);
#2141=PROPERTY_DEFINITION('material property','material name',#3434);
#2142=PROPERTY_DEFINITION('material property','density of part',#3434);
#2143=AXIS2_PLACEMENT_3D('',#2791,#2271,#2272);
#2144=AXIS2_PLACEMENT_3D('',#2792,#2273,#2274);
#2145=AXIS2_PLACEMENT_3D('',#2793,#2275,#2276);
#2146=AXIS2_PLACEMENT_3D('',#2834,#2297,#2298);
#2147=AXIS2_PLACEMENT_3D('',#2840,#2302,#2303);
#2148=AXIS2_PLACEMENT_3D('',#2844,#2306,#2307);
#2149=AXIS2_PLACEMENT_3D('',#2850,#2311,#2312);
#2150=AXIS2_PLACEMENT_3D('',#2854,#2315,#2316);
#2151=AXIS2_PLACEMENT_3D('',#2860,#2320,#2321);
#2152=AXIS2_PLACEMENT_3D('',#2864,#2324,#2325);
#2153=AXIS2_PLACEMENT_3D('',#2870,#2329,#2330);
#2154=AXIS2_PLACEMENT_3D('',#2874,#2333,#2334);
#2155=AXIS2_PLACEMENT_3D('',#2895,#2347,#2348);
#2156=AXIS2_PLACEMENT_3D('',#2897,#2350,#2351);
#2157=AXIS2_PLACEMENT_3D('',#2898,#2352,#2353);
#2158=AXIS2_PLACEMENT_3D('',#2900,#2355,#2356);
#2159=AXIS2_PLACEMENT_3D('',#2901,#2357,#2358);
#2160=AXIS2_PLACEMENT_3D('',#2903,#2360,#2361);
#2161=AXIS2_PLACEMENT_3D('',#2904,#2362,#2363);
#2162=AXIS2_PLACEMENT_3D('',#2906,#2365,#2366);
#2163=AXIS2_PLACEMENT_3D('',#2907,#2367,#2368);
#2164=AXIS2_PLACEMENT_3D('',#2913,#2372,#2373);
#2165=AXIS2_PLACEMENT_3D('',#2917,#2376,#2377);
#2166=AXIS2_PLACEMENT_3D('',#2921,#2380,#2381);
#2167=AXIS2_PLACEMENT_3D('',#2923,#2383,#2384);
#2168=AXIS2_PLACEMENT_3D('',#2929,#2388,#2389);
#2169=AXIS2_PLACEMENT_3D('',#2933,#2392,#2393);
#2170=AXIS2_PLACEMENT_3D('',#2937,#2396,#2397);
#2171=AXIS2_PLACEMENT_3D('',#2939,#2399,#2400);
#2172=AXIS2_PLACEMENT_3D('',#2940,#2401,#2402);
#2173=AXIS2_PLACEMENT_3D('',#2941,#2403,#2404);
#2174=AXIS2_PLACEMENT_3D('',#2942,#2405,#2406);
#2175=AXIS2_PLACEMENT_3D('',#2951,#2411,#2412);
#2176=AXIS2_PLACEMENT_3D('',#2957,#2416,#2417);
#2177=AXIS2_PLACEMENT_3D('',#2963,#2421,#2422);
#2178=AXIS2_PLACEMENT_3D('',#2966,#2425,#2426);
#2179=AXIS2_PLACEMENT_3D('',#2967,#2427,#2428);
#2180=AXIS2_PLACEMENT_3D('',#2976,#2433,#2434);
#2181=AXIS2_PLACEMENT_3D('',#2982,#2438,#2439);
#2182=AXIS2_PLACEMENT_3D('',#2988,#2443,#2444);
#2183=AXIS2_PLACEMENT_3D('',#2991,#2447,#2448);
#2184=AXIS2_PLACEMENT_3D('',#2992,#2449,#2450);
#2185=AXIS2_PLACEMENT_3D('',#2993,#2451,#2452);
#2186=AXIS2_PLACEMENT_3D('',#2994,#2453,#2454);
#2187=AXIS2_PLACEMENT_3D('',#3003,#2459,#2460);
#2188=AXIS2_PLACEMENT_3D('',#3009,#2464,#2465);
#2189=AXIS2_PLACEMENT_3D('',#3015,#2469,#2470);
#2190=AXIS2_PLACEMENT_3D('',#3018,#2473,#2474);
#2191=AXIS2_PLACEMENT_3D('',#3019,#2475,#2476);
#2192=AXIS2_PLACEMENT_3D('',#3020,#2477,#2478);
#2193=AXIS2_PLACEMENT_3D('',#3021,#2479,#2480);
#2194=AXIS2_PLACEMENT_3D('',#3030,#2485,#2486);
#2195=AXIS2_PLACEMENT_3D('',#3036,#2490,#2491);
#2196=AXIS2_PLACEMENT_3D('',#3042,#2495,#2496);
#2197=AXIS2_PLACEMENT_3D('',#3045,#2499,#2500);
#2198=AXIS2_PLACEMENT_3D('',#3054,#2505,#2506);
#2199=AXIS2_PLACEMENT_3D('',#3060,#2510,#2511);
#2200=AXIS2_PLACEMENT_3D('',#3066,#2515,#2516);
#2201=AXIS2_PLACEMENT_3D('',#3069,#2519,#2520);
#2202=AXIS2_PLACEMENT_3D('',#3070,#2521,#2522);
#2203=AXIS2_PLACEMENT_3D('',#3079,#2527,#2528);
#2204=AXIS2_PLACEMENT_3D('',#3085,#2532,#2533);
#2205=AXIS2_PLACEMENT_3D('',#3091,#2537,#2538);
#2206=AXIS2_PLACEMENT_3D('',#3094,#2541,#2542);
#2207=AXIS2_PLACEMENT_3D('',#3095,#2543,#2544);
#2208=AXIS2_PLACEMENT_3D('',#3096,#2545,#2546);
#2209=AXIS2_PLACEMENT_3D('',#3097,#2547,#2548);
#2210=AXIS2_PLACEMENT_3D('',#3106,#2553,#2554);
#2211=AXIS2_PLACEMENT_3D('',#3112,#2558,#2559);
#2212=AXIS2_PLACEMENT_3D('',#3118,#2563,#2564);
#2213=AXIS2_PLACEMENT_3D('',#3121,#2567,#2568);
#2214=AXIS2_PLACEMENT_3D('',#3130,#2573,#2574);
#2215=AXIS2_PLACEMENT_3D('',#3136,#2578,#2579);
#2216=AXIS2_PLACEMENT_3D('',#3142,#2583,#2584);
#2217=AXIS2_PLACEMENT_3D('',#3145,#2587,#2588);
#2218=AXIS2_PLACEMENT_3D('',#3154,#2593,#2594);
#2219=AXIS2_PLACEMENT_3D('',#3160,#2598,#2599);
#2220=AXIS2_PLACEMENT_3D('',#3166,#2603,#2604);
#2221=AXIS2_PLACEMENT_3D('',#3169,#2607,#2608);
#2222=AXIS2_PLACEMENT_3D('',#3178,#2613,#2614);
#2223=AXIS2_PLACEMENT_3D('',#3184,#2618,#2619);
#2224=AXIS2_PLACEMENT_3D('',#3190,#2623,#2624);
#2225=AXIS2_PLACEMENT_3D('',#3193,#2627,#2628);
#2226=AXIS2_PLACEMENT_3D('',#3194,#2629,#2630);
#2227=AXIS2_PLACEMENT_3D('',#3203,#2635,#2636);
#2228=AXIS2_PLACEMENT_3D('',#3209,#2640,#2641);
#2229=AXIS2_PLACEMENT_3D('',#3215,#2645,#2646);
#2230=AXIS2_PLACEMENT_3D('',#3218,#2649,#2650);
#2231=AXIS2_PLACEMENT_3D('',#3219,#2651,#2652);
#2232=AXIS2_PLACEMENT_3D('',#3220,#2653,#2654);
#2233=AXIS2_PLACEMENT_3D('',#3221,#2655,#2656);
#2234=AXIS2_PLACEMENT_3D('',#3230,#2661,#2662);
#2235=AXIS2_PLACEMENT_3D('',#3236,#2666,#2667);
#2236=AXIS2_PLACEMENT_3D('',#3242,#2671,#2672);
#2237=AXIS2_PLACEMENT_3D('',#3245,#2675,#2676);
#2238=AXIS2_PLACEMENT_3D('',#3246,#2677,#2678);
#2239=AXIS2_PLACEMENT_3D('',#3247,#2679,#2680);
#2240=AXIS2_PLACEMENT_3D('',#3248,#2681,#2682);
#2241=AXIS2_PLACEMENT_3D('',#3249,#2683,#2684);
#2242=AXIS2_PLACEMENT_3D('',#3250,#2685,#2686);
#2243=AXIS2_PLACEMENT_3D('',#3251,#2687,#2688);
#2244=AXIS2_PLACEMENT_3D('',#3252,#2689,#2690);
#2245=AXIS2_PLACEMENT_3D('',#3253,#2691,#2692);
#2246=AXIS2_PLACEMENT_3D('',#3254,#2693,#2694);
#2247=AXIS2_PLACEMENT_3D('',#3263,#2699,#2700);
#2248=AXIS2_PLACEMENT_3D('',#3269,#2704,#2705);
#2249=AXIS2_PLACEMENT_3D('',#3275,#2709,#2710);
#2250=AXIS2_PLACEMENT_3D('',#3278,#2713,#2714);
#2251=AXIS2_PLACEMENT_3D('',#3279,#2715,#2716);
#2252=AXIS2_PLACEMENT_3D('',#3280,#2717,#2718);
#2253=AXIS2_PLACEMENT_3D('',#3289,#2723,#2724);
#2254=AXIS2_PLACEMENT_3D('',#3295,#2728,#2729);
#2255=AXIS2_PLACEMENT_3D('',#3301,#2733,#2734);
#2256=AXIS2_PLACEMENT_3D('',#3304,#2737,#2738);
#2257=AXIS2_PLACEMENT_3D('',#3313,#2743,#2744);
#2258=AXIS2_PLACEMENT_3D('',#3319,#2748,#2749);
#2259=AXIS2_PLACEMENT_3D('',#3325,#2753,#2754);
#2260=AXIS2_PLACEMENT_3D('',#3328,#2757,#2758);
#2261=AXIS2_PLACEMENT_3D('',#3329,#2759,#2760);
#2262=AXIS2_PLACEMENT_3D('',#3338,#2765,#2766);
#2263=AXIS2_PLACEMENT_3D('',#3344,#2770,#2771);
#2264=AXIS2_PLACEMENT_3D('',#3350,#2775,#2776);
#2265=AXIS2_PLACEMENT_3D('',#3353,#2779,#2780);
#2266=AXIS2_PLACEMENT_3D('',#3354,#2781,#2782);
#2267=AXIS2_PLACEMENT_3D('',#3355,#2783,#2784);
#2268=AXIS2_PLACEMENT_3D('',#3356,#2785,#2786);
#2269=AXIS2_PLACEMENT_3D('',#3357,#2787,#2788);
#2270=AXIS2_PLACEMENT_3D('',#3358,#2789,#2790);
#2271=DIRECTION('axis',(0.,0.,1.));
#2272=DIRECTION('refdir',(1.,0.,0.));
#2273=DIRECTION('axis',(0.,0.,1.));
#2274=DIRECTION('refdir',(1.,0.,0.));
#2275=DIRECTION('center_axis',(0.,1.,0.));
#2276=DIRECTION('ref_axis',(0.,0.,1.));
#2277=DIRECTION('',(-1.,0.,0.));
#2278=DIRECTION('',(0.,0.,-1.));
#2279=DIRECTION('',(1.,0.,0.));
#2280=DIRECTION('',(0.,0.,1.));
#2281=DIRECTION('',(1.,0.,0.));
#2282=DIRECTION('',(0.,0.,-1.));
#2283=DIRECTION('',(-1.,0.,0.));
#2284=DIRECTION('',(0.,0.,1.));
#2285=DIRECTION('',(0.,0.,-1.));
#2286=DIRECTION('',(-1.,0.,0.));
#2287=DIRECTION('',(0.,0.,1.));
#2288=DIRECTION('',(1.,0.,0.));
#2289=DIRECTION('',(-1.,0.,0.));
#2290=DIRECTION('',(0.,0.,1.));
#2291=DIRECTION('',(1.,0.,0.));
#2292=DIRECTION('',(0.,0.,-1.));
#2293=DIRECTION('',(0.,0.,-1.));
#2294=DIRECTION('',(-1.,0.,0.));
#2295=DIRECTION('',(0.,0.,1.));
#2296=DIRECTION('',(1.,0.,1.4210854715202E-16));
#2297=DIRECTION('center_axis',(0.,0.,1.));
#2298=DIRECTION('ref_axis',(-1.,0.,0.));
#2299=DIRECTION('',(0.,-1.,0.));
#2300=DIRECTION('',(-1.,0.,0.));
#2301=DIRECTION('',(0.,1.,0.));
#2302=DIRECTION('center_axis',(-1.,0.,0.));
#2303=DIRECTION('ref_axis',(0.,0.,-1.));
#2304=DIRECTION('',(0.,-1.,0.));
#2305=DIRECTION('',(0.,0.,-1.));
#2306=DIRECTION('center_axis',(1.,0.,0.));
#2307=DIRECTION('ref_axis',(0.,0.,1.));
#2308=DIRECTION('',(0.,-1.,0.));
#2309=DIRECTION('',(0.,0.,1.));
#2310=DIRECTION('',(0.,1.,0.));
#2311=DIRECTION('center_axis',(0.,0.,1.));
#2312=DIRECTION('ref_axis',(-1.,0.,0.));
#2313=DIRECTION('',(0.,-1.,0.));
#2314=DIRECTION('',(-1.,0.,0.));
#2315=DIRECTION('center_axis',(0.,0.,1.));
#2316=DIRECTION('ref_axis',(-1.,0.,0.));
#2317=DIRECTION('',(0.,-1.,0.));
#2318=DIRECTION('',(-1.,0.,0.));
#2319=DIRECTION('',(0.,1.,0.));
#2320=DIRECTION('center_axis',(-1.,0.,0.));
#2321=DIRECTION('ref_axis',(0.,0.,-1.));
#2322=DIRECTION('',(0.,-1.,0.));
#2323=DIRECTION('',(0.,0.,-1.));
#2324=DIRECTION('center_axis',(-1.,0.,0.));
#2325=DIRECTION('ref_axis',(0.,0.,-1.));
#2326=DIRECTION('',(0.,-1.,0.));
#2327=DIRECTION('',(0.,0.,-1.));
#2328=DIRECTION('',(0.,1.,0.));
#2329=DIRECTION('center_axis',(0.,0.,-1.));
#2330=DIRECTION('ref_axis',(1.,0.,0.));
#2331=DIRECTION('',(0.,-1.,0.));
#2332=DIRECTION('',(1.,0.,0.));
#2333=DIRECTION('center_axis',(0.,1.,0.));
#2334=DIRECTION('ref_axis',(0.,0.,1.));
#2335=DIRECTION('',(1.,0.,0.));
#2336=DIRECTION('',(0.,0.,-1.));
#2337=DIRECTION('',(-1.,0.,0.));
#2338=DIRECTION('',(0.,0.,1.));
#2339=DIRECTION('',(0.,0.,1.));
#2340=DIRECTION('',(1.,0.,1.4210854715202E-16));
#2341=DIRECTION('',(-1.,0.,0.));
#2342=DIRECTION('',(0.,0.,1.));
#2343=DIRECTION('',(1.,0.,0.));
#2344=DIRECTION('',(0.,0.,-1.));
#2345=DIRECTION('',(0.,0.,1.));
#2346=DIRECTION('',(1.,0.,0.));
#2347=DIRECTION('center_axis',(1.,0.,0.));
#2348=DIRECTION('ref_axis',(0.,0.,1.));
#2349=DIRECTION('',(0.,-1.,0.));
#2350=DIRECTION('center_axis',(1.4210854715202E-16,0.,-1.));
#2351=DIRECTION('ref_axis',(1.,0.,1.4210854715202E-16));
#2352=DIRECTION('center_axis',(0.,0.,1.));
#2353=DIRECTION('ref_axis',(-1.,0.,0.));
#2354=DIRECTION('',(0.,-1.,0.));
#2355=DIRECTION('center_axis',(1.,0.,0.));
#2356=DIRECTION('ref_axis',(0.,0.,1.));
#2357=DIRECTION('center_axis',(0.,0.,-1.));
#2358=DIRECTION('ref_axis',(1.,0.,0.));
#2359=DIRECTION('',(0.,-1.,0.));
#2360=DIRECTION('center_axis',(-1.,0.,0.));
#2361=DIRECTION('ref_axis',(0.,0.,-1.));
#2362=DIRECTION('center_axis',(1.,0.,0.));
#2363=DIRECTION('ref_axis',(0.,0.,1.));
#2364=DIRECTION('',(0.,-1.,0.));
#2365=DIRECTION('center_axis',(0.,0.,-1.));
#2366=DIRECTION('ref_axis',(1.,0.,0.));
#2367=DIRECTION('center_axis',(1.,0.,0.));
#2368=DIRECTION('ref_axis',(0.,0.,-1.));
#2369=DIRECTION('',(0.,0.,-1.));
#2370=DIRECTION('',(0.,1.,0.));
#2371=DIRECTION('',(0.,1.,0.));
#2372=DIRECTION('center_axis',(0.,0.,1.));
#2373=DIRECTION('ref_axis',(1.,0.,0.));
#2374=DIRECTION('',(1.,0.,0.));
#2375=DIRECTION('',(0.,1.,0.));
#2376=DIRECTION('center_axis',(-1.,0.,0.));
#2377=DIRECTION('ref_axis',(0.,0.,1.));
#2378=DIRECTION('',(0.,0.,1.));
#2379=DIRECTION('',(0.,1.,0.));
#2380=DIRECTION('center_axis',(0.,0.,-1.));
#2381=DIRECTION('ref_axis',(-1.,0.,0.));
#2382=DIRECTION('',(-1.,0.,0.));
#2383=DIRECTION('center_axis',(-1.,0.,0.));
#2384=DIRECTION('ref_axis',(0.,0.,1.));
#2385=DIRECTION('',(0.,0.,-1.));
#2386=DIRECTION('',(0.,1.,0.));
#2387=DIRECTION('',(0.,1.,0.));
#2388=DIRECTION('center_axis',(0.,0.,-1.));
#2389=DIRECTION('ref_axis',(-1.,0.,0.));
#2390=DIRECTION('',(1.,0.,0.));
#2391=DIRECTION('',(0.,1.,0.));
#2392=DIRECTION('center_axis',(1.,0.,0.));
#2393=DIRECTION('ref_axis',(0.,0.,-1.));
#2394=DIRECTION('',(0.,0.,1.));
#2395=DIRECTION('',(0.,1.,0.));
#2396=DIRECTION('center_axis',(0.,0.,1.));
#2397=DIRECTION('ref_axis',(1.,0.,0.));
#2398=DIRECTION('',(-1.,0.,0.));
#2399=DIRECTION('center_axis',(0.,1.,0.));
#2400=DIRECTION('ref_axis',(1.,0.,0.));
#2401=DIRECTION('axis',(0.,0.,1.));
#2402=DIRECTION('refdir',(1.,0.,0.));
#2403=DIRECTION('axis',(0.,0.,1.));
#2404=DIRECTION('refdir',(1.,0.,0.));
#2405=DIRECTION('center_axis',(-2.39918721193622E-15,1.08988418342127E-15,
-1.));
#2406=DIRECTION('ref_axis',(1.57062543263863E-15,1.,1.08988418342126E-15));
#2407=DIRECTION('',(1.22464679914733E-16,-1.,-1.08988418342127E-15));
#2408=DIRECTION('',(1.,-1.65389215948551E-15,-2.39918721193623E-15));
#2409=DIRECTION('',(1.57062543263863E-15,1.,1.08988418342126E-15));
#2410=DIRECTION('',(1.,-1.65389215948551E-15,-2.39918721193623E-15));
#2411=DIRECTION('center_axis',(-1.65389215948552E-15,-1.,-1.08988418342126E-15));
#2412=DIRECTION('ref_axis',(-3.54547054670836E-15,1.08988418342127E-15,
-1.));
#2413=DIRECTION('',(2.39918721193622E-15,-1.08988418342127E-15,1.));
#2414=DIRECTION('',(-3.54547054670836E-15,1.08988418342127E-15,-1.));
#2415=DIRECTION('',(1.,-1.65389215948551E-15,-2.39918721193623E-15));
#2416=DIRECTION('center_axis',(2.39918721193622E-15,-1.08988418342127E-15,
1.));
#2417=DIRECTION('ref_axis',(-1.57062543263863E-15,-1.,-1.08988418342126E-15));
#2418=DIRECTION('',(-1.22464679914733E-16,1.,1.08988418342127E-15));
#2419=DIRECTION('',(-1.57062543263863E-15,-1.,-1.08988418342126E-15));
#2420=DIRECTION('',(1.,-1.65389215948551E-15,-2.39918721193623E-15));
#2421=DIRECTION('center_axis',(1.65389215948552E-15,1.,1.08988418342126E-15));
#2422=DIRECTION('ref_axis',(3.54547054670836E-15,-1.08988418342127E-15,
1.));
#2423=DIRECTION('',(-2.39918721193622E-15,1.08988418342127E-15,-1.));
#2424=DIRECTION('',(3.54547054670836E-15,-1.08988418342127E-15,1.));
#2425=DIRECTION('center_axis',(1.,-1.65389215948551E-15,-2.39918721193623E-15));
#2426=DIRECTION('ref_axis',(2.39918721193622E-15,-8.62010747739485E-16,
1.));
#2427=DIRECTION('center_axis',(2.39918721193622E-15,-8.62010747739485E-16,
1.));
#2428=DIRECTION('ref_axis',(-1.22464679914733E-16,1.,8.62010747739486E-16));
#2429=DIRECTION('',(1.22464679914733E-16,-1.,-8.62010747739486E-16));
#2430=DIRECTION('',(-1.,-1.22464679914735E-16,2.39918721193622E-15));
#2431=DIRECTION('',(-1.22464679914733E-16,1.,8.62010747739486E-16));
#2432=DIRECTION('',(-1.,-1.22464679914735E-16,2.39918721193622E-15));
#2433=DIRECTION('center_axis',(1.22464679914733E-16,-1.,-8.62010747739486E-16));
#2434=DIRECTION('ref_axis',(2.39918721193622E-15,-8.62010747739485E-16,
1.));
#2435=DIRECTION('',(-2.39918721193622E-15,8.62010747739485E-16,-1.));
#2436=DIRECTION('',(2.39918721193622E-15,-8.62010747739485E-16,1.));
#2437=DIRECTION('',(-1.,-1.22464679914735E-16,2.39918721193622E-15));
#2438=DIRECTION('center_axis',(-2.39918721193622E-15,8.62010747739485E-16,
-1.));
#2439=DIRECTION('ref_axis',(1.22464679914733E-16,-1.,-8.62010747739486E-16));
#2440=DIRECTION('',(-1.22464679914733E-16,1.,8.62010747739486E-16));
#2441=DIRECTION('',(1.22464679914733E-16,-1.,-8.62010747739486E-16));
#2442=DIRECTION('',(-1.,-1.22464679914735E-16,2.39918721193622E-15));
#2443=DIRECTION('center_axis',(-1.22464679914733E-16,1.,8.62010747739486E-16));
#2444=DIRECTION('ref_axis',(-2.39918721193622E-15,8.62010747739485E-16,
-1.));
#2445=DIRECTION('',(2.39918721193622E-15,-8.62010747739485E-16,1.));
#2446=DIRECTION('',(-2.39918721193622E-15,8.62010747739485E-16,-1.));
#2447=DIRECTION('center_axis',(-1.,-1.22464679914735E-16,2.39918721193622E-15));
#2448=DIRECTION('ref_axis',(-2.39918721193622E-15,8.62010747739485E-16,
-1.));
#2449=DIRECTION('center_axis',(-1.,-1.22464679914735E-16,2.39918721193622E-15));
#2450=DIRECTION('ref_axis',(-2.39918721193622E-15,8.62010747739485E-16,
-1.));
#2451=DIRECTION('axis',(0.,0.,1.));
#2452=DIRECTION('refdir',(1.,0.,0.));
#2453=DIRECTION('center_axis',(0.,0.,1.));
#2454=DIRECTION('ref_axis',(0.,-1.,0.));
#2455=DIRECTION('',(0.,1.,0.));
#2456=DIRECTION('',(1.,0.,0.));
#2457=DIRECTION('',(0.,-1.,0.));
#2458=DIRECTION('',(1.,0.,0.));
#2459=DIRECTION('center_axis',(0.,1.,0.));
#2460=DIRECTION('ref_axis',(0.,0.,1.));
#2461=DIRECTION('',(0.,0.,-1.));
#2462=DIRECTION('',(0.,0.,1.));
#2463=DIRECTION('',(1.,0.,0.));
#2464=DIRECTION('center_axis',(0.,0.,-1.));
#2465=DIRECTION('ref_axis',(0.,1.,0.));
#2466=DIRECTION('',(0.,-1.,0.));
#2467=DIRECTION('',(0.,1.,0.));
#2468=DIRECTION('',(1.,0.,0.));
#2469=DIRECTION('center_axis',(0.,-1.,0.));
#2470=DIRECTION('ref_axis',(0.,0.,-1.));
#2471=DIRECTION('',(0.,0.,1.));
#2472=DIRECTION('',(0.,0.,-1.));
#2473=DIRECTION('center_axis',(1.,0.,0.));
#2474=DIRECTION('ref_axis',(0.,0.,-1.));
#2475=DIRECTION('center_axis',(1.,0.,0.));
#2476=DIRECTION('ref_axis',(0.,0.,-1.));
#2477=DIRECTION('axis',(0.,0.,1.));
#2478=DIRECTION('refdir',(1.,0.,0.));
#2479=DIRECTION('center_axis',(1.,6.10622663543875E-16,8.28966525053451E-15));
#2480=DIRECTION('ref_axis',(6.10622663543924E-16,-1.,-5.92424734580746E-15));
#2481=DIRECTION('',(6.10622663543875E-16,-1.,0.));
#2482=DIRECTION('',(8.2896652505345E-15,7.105427357601E-15,-1.));
#2483=DIRECTION('',(-6.10622663543827E-16,1.,-5.79507319292689E-15));
#2484=DIRECTION('',(8.2896652505345E-15,7.105427357601E-15,-1.));
#2485=DIRECTION('center_axis',(-6.10622663543934E-16,1.,7.105427357601E-15));
#2486=DIRECTION('ref_axis',(1.,6.10622663543877E-16,7.91866854335105E-15));
#2487=DIRECTION('',(1.,6.10622663543934E-16,0.));
#2488=DIRECTION('',(8.2896652505345E-15,7.105427357601E-15,-1.));
#2489=DIRECTION('',(-1.,-6.10622663543981E-16,6.65188944115839E-15));
#2490=DIRECTION('center_axis',(-1.,-6.10622663543875E-16,-8.28966525053451E-15));
#2491=DIRECTION('ref_axis',(-6.10622663543924E-16,1.,5.92424734580746E-15));
#2492=DIRECTION('',(-6.10622663543875E-16,1.,0.));
#2493=DIRECTION('',(8.2896652505345E-15,7.105427357601E-15,-1.));
#2494=DIRECTION('',(6.10622663543827E-16,-1.,5.79507319292689E-15));
#2495=DIRECTION('center_axis',(6.10622663543934E-16,-1.,-7.105427357601E-15));
#2496=DIRECTION('ref_axis',(-1.,-6.10622663543877E-16,-7.91866854335104E-15));
#2497=DIRECTION('',(-1.,-6.10622663543934E-16,0.));
#2498=DIRECTION('',(1.,6.10622663543981E-16,-6.65188944115839E-15));
#2499=DIRECTION('center_axis',(-6.65188944115839E-15,-5.79507319292689E-15,
-1.));
#2500=DIRECTION('ref_axis',(-2.77555756156244E-16,-1.,5.7950731929269E-15));
#2501=DIRECTION('',(0.,-1.,5.79507319292689E-15));
#2502=DIRECTION('',(-1.,2.74012491184081E-16,6.65188944115838E-15));
#2503=DIRECTION('',(-2.77555756156244E-16,-1.,5.7950731929269E-15));
#2504=DIRECTION('',(-1.,2.74012491184081E-16,6.65188944115838E-15));
#2505=DIRECTION('center_axis',(2.74012491184043E-16,1.,-5.7950731929269E-15));
#2506=DIRECTION('ref_axis',(-6.6443037110159E-15,-5.79507319292689E-15,
-1.));
#2507=DIRECTION('',(0.,-5.7950731929269E-15,-1.));
#2508=DIRECTION('',(-1.,2.74012491184081E-16,6.65188944115838E-15));
#2509=DIRECTION('',(-6.6443037110159E-15,-5.79507319292689E-15,-1.));
#2510=DIRECTION('center_axis',(6.65188944115839E-15,5.79507319292689E-15,
1.));
#2511=DIRECTION('ref_axis',(2.77555756156244E-16,1.,-5.7950731929269E-15));
#2512=DIRECTION('',(0.,1.,-5.79507319292689E-15));
#2513=DIRECTION('',(-1.,2.74012491184081E-16,6.65188944115838E-15));
#2514=DIRECTION('',(2.77555756156244E-16,1.,-5.7950731929269E-15));
#2515=DIRECTION('center_axis',(-2.74012491184043E-16,-1.,5.7950731929269E-15));
#2516=DIRECTION('ref_axis',(6.6443037110159E-15,5.79507319292689E-15,1.));
#2517=DIRECTION('',(0.,5.7950731929269E-15,1.));
#2518=DIRECTION('',(6.6443037110159E-15,5.79507319292689E-15,1.));
#2519=DIRECTION('center_axis',(-1.,2.74012491184081E-16,6.65188944115838E-15));
#2520=DIRECTION('ref_axis',(6.65188944115838E-15,0.,1.));
#2521=DIRECTION('center_axis',(1.,0.,0.));
#2522=DIRECTION('ref_axis',(0.,0.,-1.));
#2523=DIRECTION('',(0.,0.,1.));
#2524=DIRECTION('',(0.,1.,0.));
#2525=DIRECTION('',(0.,0.,-1.));
#2526=DIRECTION('',(0.,1.,0.));
#2527=DIRECTION('center_axis',(0.,0.,1.));
#2528=DIRECTION('ref_axis',(1.,0.,0.));
#2529=DIRECTION('',(-1.,0.,0.));
#2530=DIRECTION('',(1.,0.,0.));
#2531=DIRECTION('',(0.,1.,0.));
#2532=DIRECTION('center_axis',(-1.,0.,0.));
#2533=DIRECTION('ref_axis',(0.,0.,1.));
#2534=DIRECTION('',(0.,0.,-1.));
#2535=DIRECTION('',(0.,0.,1.));
#2536=DIRECTION('',(0.,1.,0.));
#2537=DIRECTION('center_axis',(0.,0.,-1.));
#2538=DIRECTION('ref_axis',(-1.,0.,0.));
#2539=DIRECTION('',(1.,0.,0.));
#2540=DIRECTION('',(-1.,0.,0.));
#2541=DIRECTION('center_axis',(0.,1.,0.));
#2542=DIRECTION('ref_axis',(0.,0.,1.));
#2543=DIRECTION('center_axis',(0.,1.,0.));
#2544=DIRECTION('ref_axis',(1.,0.,0.));
#2545=DIRECTION('axis',(0.,0.,1.));
#2546=DIRECTION('refdir',(1.,0.,0.));
#2547=DIRECTION('center_axis',(1.4210854715202E-15,-2.62210214106476E-16,
-1.));
#2548=DIRECTION('ref_axis',(8.60422844084497E-16,1.,-2.62210214106475E-16));
#2549=DIRECTION('',(8.80176812315439E-16,-1.,2.62210214106477E-16));
#2550=DIRECTION('',(1.,-8.88178419700125E-16,1.4210854715202E-15));
#2551=DIRECTION('',(-3.29544403515318E-80,1.,-2.62210214106476E-16));
#2552=DIRECTION('',(1.,-8.88178419700125E-16,1.4210854715202E-15));
#2553=DIRECTION('center_axis',(-8.88178419700126E-16,-1.,2.62210214106475E-16));
#2554=DIRECTION('ref_axis',(1.27463291378061E-15,-2.62210214106476E-16,
-1.));
#2555=DIRECTION('',(-1.2335811384724E-16,2.62210214106475E-16,1.));
#2556=DIRECTION('',(-1.25679468528064E-64,-2.62210214106475E-16,-1.));
#2557=DIRECTION('',(1.,-8.88178419700125E-16,1.4210854715202E-15));
#2558=DIRECTION('center_axis',(-1.4210854715202E-15,2.62210214106476E-16,
1.));
#2559=DIRECTION('ref_axis',(-8.60422844084497E-16,-1.,2.62210214106475E-16));
#2560=DIRECTION('',(-8.80176812315439E-16,1.,-2.62210214106477E-16));
#2561=DIRECTION('',(3.29544403515318E-80,-1.,2.62210214106476E-16));
#2562=DIRECTION('',(1.,-8.88178419700125E-16,1.4210854715202E-15));
#2563=DIRECTION('center_axis',(8.88178419700126E-16,1.,-2.62210214106475E-16));
#2564=DIRECTION('ref_axis',(-1.27463291378061E-15,2.62210214106476E-16,
1.));
#2565=DIRECTION('',(1.2335811384724E-16,-2.62210214106475E-16,-1.));
#2566=DIRECTION('',(1.25679468528064E-64,2.62210214106475E-16,1.));
#2567=DIRECTION('center_axis',(-8.60422844084498E-16,1.,0.));
#2568=DIRECTION('ref_axis',(1.,8.60422844084498E-16,-1.27463288841467E-15));
#2569=DIRECTION('',(1.,8.60422844084498E-16,0.));
#2570=DIRECTION('',(0.,0.,-1.));
#2571=DIRECTION('',(-1.,-8.60422844084498E-16,-9.86076131526264E-32));
#2572=DIRECTION('',(0.,0.,-1.));
#2573=DIRECTION('center_axis',(-1.,-8.60422844084498E-16,0.));
#2574=DIRECTION('ref_axis',(-8.60422844084498E-16,1.,2.62210213799335E-16));
#2575=DIRECTION('',(-8.60422844084498E-16,1.,0.));
#2576=DIRECTION('',(0.,0.,-1.));
#2577=DIRECTION('',(8.60422844084498E-16,-1.,2.40048221540574E-16));
#2578=DIRECTION('center_axis',(8.60422844084498E-16,-1.,0.));
#2579=DIRECTION('ref_axis',(-1.,-8.60422844084498E-16,1.27463288841467E-15));
#2580=DIRECTION('',(-1.,-8.60422844084498E-16,0.));
#2581=DIRECTION('',(0.,0.,-1.));
#2582=DIRECTION('',(1.,8.60422844084498E-16,9.86076131526264E-32));
#2583=DIRECTION('center_axis',(1.,8.60422844084498E-16,0.));
#2584=DIRECTION('ref_axis',(8.60422844084498E-16,-1.,-2.62210213799335E-16));
#2585=DIRECTION('',(8.60422844084498E-16,-1.,0.));
#2586=DIRECTION('',(-8.60422844084498E-16,1.,-2.40048221540574E-16));
#2587=DIRECTION('center_axis',(1.11022302462515E-15,-2.62210214106476E-16,
-1.));
#2588=DIRECTION('ref_axis',(-8.60422844084497E-16,-1.,2.62210214106475E-16));
#2589=DIRECTION('',(3.29544403515318E-80,-1.,2.62210214106476E-16));
#2590=DIRECTION('',(-1.,0.,-1.11022302462515E-15));
#2591=DIRECTION('',(-8.80176812315439E-16,1.,-2.62210214106477E-16));
#2592=DIRECTION('',(-1.,0.,-1.11022302462515E-15));
#2593=DIRECTION('center_axis',(2.91111816992901E-31,1.,-2.62210214106476E-16));
#2594=DIRECTION('ref_axis',(1.27463291378061E-15,-2.62210214106476E-16,
-1.));
#2595=DIRECTION('',(-1.25679468528064E-64,-2.62210214106476E-16,-1.));
#2596=DIRECTION('',(-1.,0.,-1.11022302462515E-15));
#2597=DIRECTION('',(-3.24219271328193E-31,2.62210214106476E-16,1.));
#2598=DIRECTION('center_axis',(-1.11022302462515E-15,2.62210214106476E-16,
1.));
#2599=DIRECTION('ref_axis',(8.60422844084497E-16,1.,-2.62210214106475E-16));
#2600=DIRECTION('',(-3.29544403515318E-80,1.,-2.62210214106476E-16));
#2601=DIRECTION('',(-1.,0.,-1.11022302462515E-15));
#2602=DIRECTION('',(8.80176812315439E-16,-1.,2.62210214106477E-16));
#2603=DIRECTION('center_axis',(-2.91111816992901E-31,-1.,2.62210214106476E-16));
#2604=DIRECTION('ref_axis',(-1.27463291378061E-15,2.62210214106476E-16,
1.));
#2605=DIRECTION('',(1.25679468528064E-64,2.62210214106476E-16,1.));
#2606=DIRECTION('',(3.24219271328193E-31,-2.62210214106476E-16,-1.));
#2607=DIRECTION('center_axis',(-1.,-8.80176812315439E-16,-1.2335811384724E-16));
#2608=DIRECTION('ref_axis',(-1.2335811384724E-16,2.62210213799335E-16,1.));
#2609=DIRECTION('',(-1.2335811384724E-16,-3.08148791101958E-33,1.));
#2610=DIRECTION('',(-8.80176812315439E-16,1.,-2.40048221540574E-16));
#2611=DIRECTION('',(-1.2335811384724E-16,2.62210213799335E-16,1.));
#2612=DIRECTION('',(-8.80176812315439E-16,1.,-2.40048221540574E-16));
#2613=DIRECTION('center_axis',(3.05150586647993E-31,-2.40048221540574E-16,
-1.));
#2614=DIRECTION('ref_axis',(-1.,-8.60422844084498E-16,-9.86076131526263E-32));
#2615=DIRECTION('',(-1.,-4.07853193512871E-32,-3.05150586647993E-31));
#2616=DIRECTION('',(-8.80176812315439E-16,1.,-2.40048221540574E-16));
#2617=DIRECTION('',(-1.,-8.60422844084498E-16,-9.86076131526263E-32));
#2618=DIRECTION('center_axis',(1.,8.80176812315439E-16,9.3427920919406E-32));
#2619=DIRECTION('ref_axis',(3.24219271057854E-31,-2.62210213799335E-16,
-1.));
#2620=DIRECTION('',(9.3427920919406E-32,3.08148791101958E-33,-1.));
#2621=DIRECTION('',(-8.80176812315439E-16,1.,-2.40048221540574E-16));
#2622=DIRECTION('',(3.24219271057854E-31,-2.62210213799335E-16,-1.));
#2623=DIRECTION('center_axis',(-3.05150586647993E-31,2.40048221540574E-16,
1.));
#2624=DIRECTION('ref_axis',(1.,8.60422844084498E-16,9.86076131526263E-32));
#2625=DIRECTION('',(1.,4.07853193512871E-32,3.05150586647993E-31));
#2626=DIRECTION('',(1.,8.60422844084498E-16,9.86076131526263E-32));
#2627=DIRECTION('center_axis',(-8.80176812315439E-16,1.,-2.40048221540574E-16));
#2628=DIRECTION('ref_axis',(0.,2.40048221540574E-16,1.));
#2629=DIRECTION('center_axis',(1.,0.,-1.25679468528064E-64));
#2630=DIRECTION('ref_axis',(-1.25679468528064E-64,3.08148791101958E-33,
-1.));
#2631=DIRECTION('',(1.25679468528064E-64,-3.08148791101958E-33,1.));
#2632=DIRECTION('',(0.,1.,0.));
#2633=DIRECTION('',(-1.25679468528064E-64,3.08148791101958E-33,-1.));
#2634=DIRECTION('',(0.,1.,0.));
#2635=DIRECTION('center_axis',(0.,0.,1.));
#2636=DIRECTION('ref_axis',(1.,4.07853193512871E-32,0.));
#2637=DIRECTION('',(-1.,-4.07853193512871E-32,0.));
#2638=DIRECTION('',(1.,4.07853193512871E-32,0.));
#2639=DIRECTION('',(0.,1.,0.));
#2640=DIRECTION('center_axis',(-1.,0.,1.25679468528064E-64));
#2641=DIRECTION('ref_axis',(1.25679468528064E-64,-3.08148791101958E-33,
1.));
#2642=DIRECTION('',(-1.25679468528064E-64,3.08148791101958E-33,-1.));
#2643=DIRECTION('',(1.25679468528064E-64,-3.08148791101958E-33,1.));
#2644=DIRECTION('',(0.,1.,0.));
#2645=DIRECTION('center_axis',(0.,0.,-1.));
#2646=DIRECTION('ref_axis',(-1.,-4.07853193512871E-32,0.));
#2647=DIRECTION('',(1.,4.07853193512871E-32,0.));
#2648=DIRECTION('',(-1.,-4.07853193512871E-32,0.));
#2649=DIRECTION('center_axis',(0.,1.,0.));
#2650=DIRECTION('ref_axis',(0.,0.,1.));
#2651=DIRECTION('center_axis',(-4.07853193512871E-32,1.,3.08148791101958E-33));
#2652=DIRECTION('ref_axis',(1.,4.07853193512871E-32,0.));
#2653=DIRECTION('axis',(0.,0.,1.));
#2654=DIRECTION('refdir',(1.,0.,0.));
#2655=DIRECTION('center_axis',(-1.,0.,0.));
#2656=DIRECTION('ref_axis',(0.,-1.,0.));
#2657=DIRECTION('',(0.,1.,0.));
#2658=DIRECTION('',(0.,0.,1.));
#2659=DIRECTION('',(0.,-1.,0.));
#2660=DIRECTION('',(0.,0.,1.));
#2661=DIRECTION('center_axis',(0.,1.,0.));
#2662=DIRECTION('ref_axis',(-1.,0.,0.));
#2663=DIRECTION('',(1.,0.,0.));
#2664=DIRECTION('',(-1.,0.,0.));
#2665=DIRECTION('',(0.,0.,1.));
#2666=DIRECTION('center_axis',(1.,0.,0.));
#2667=DIRECTION('ref_axis',(0.,1.,0.));
#2668=DIRECTION('',(0.,-1.,0.));
#2669=DIRECTION('',(0.,1.,0.));
#2670=DIRECTION('',(0.,0.,1.));
#2671=DIRECTION('center_axis',(0.,-1.,0.));
#2672=DIRECTION('ref_axis',(1.,0.,0.));
#2673=DIRECTION('',(-1.,0.,0.));
#2674=DIRECTION('',(1.,0.,0.));
#2675=DIRECTION('center_axis',(0.,0.,1.));
#2676=DIRECTION('ref_axis',(1.,0.,0.));
#2677=DIRECTION('center_axis',(0.,0.,1.));
#2678=DIRECTION('ref_axis',(1.,0.,0.));
#2679=DIRECTION('',(5.492266711227E-16,-5.66661532837145E-16,0.999999999999997));
#2680=DIRECTION('',(0.999999999999998,2.22044604925037E-16,5.97056721553291E-16));
#2681=DIRECTION('',(-7.69252012635271E-16,-2.4686467144238E-16,-0.999999999999999));
#2682=DIRECTION('',(0.999999999999998,1.51267887105177E-15,-6.77576192227313E-16));
#2683=DIRECTION('',(7.35910987657738E-15,-2.46864671442364E-16,-0.99999999999999));
#2684=DIRECTION('',(-1.,2.77555756156289E-17,-5.97056721553287E-16));
#2685=DIRECTION('',(-6.77576192227315E-16,-2.4686467144238E-16,-1.));
#2686=DIRECTION('',(-1.,-7.21644966006353E-16,6.77576192227314E-16));
#2687=DIRECTION('',(-6.82518820893611E-16,-5.09074885241719E-16,-1.));
#2688=DIRECTION('',(-1.,1.63131981634088E-17,7.09668576532885E-16));
#2689=DIRECTION('axis',(0.,0.,1.));
#2690=DIRECTION('refdir',(1.,0.,0.));
#2691=DIRECTION('axis',(0.,0.,1.));
#2692=DIRECTION('refdir',(1.,0.,0.));
#2693=DIRECTION('center_axis',(0.,-1.,0.));
#2694=DIRECTION('ref_axis',(1.,0.,0.));
#2695=DIRECTION('',(1.,0.,0.));
#2696=DIRECTION('',(0.,0.,1.));
#2697=DIRECTION('',(1.,0.,0.));
#2698=DIRECTION('',(0.,0.,1.));
#2699=DIRECTION('center_axis',(-1.,0.,0.));
#2700=DIRECTION('ref_axis',(0.,-1.,0.));
#2701=DIRECTION('',(0.,-1.,0.));
#2702=DIRECTION('',(0.,-1.,0.));
#2703=DIRECTION('',(0.,0.,1.));
#2704=DIRECTION('center_axis',(0.,1.,0.));
#2705=DIRECTION('ref_axis',(-1.,0.,0.));
#2706=DIRECTION('',(-1.,0.,0.));
#2707=DIRECTION('',(-1.,0.,0.));
#2708=DIRECTION('',(0.,0.,1.));
#2709=DIRECTION('center_axis',(1.,0.,0.));
#2710=DIRECTION('ref_axis',(0.,1.,0.));
#2711=DIRECTION('',(0.,1.,0.));
#2712=DIRECTION('',(0.,1.,0.));
#2713=DIRECTION('center_axis',(0.,0.,1.));
#2714=DIRECTION('ref_axis',(1.,0.,0.));
#2715=DIRECTION('center_axis',(0.,0.,1.));
#2716=DIRECTION('ref_axis',(1.,0.,0.));
#2717=DIRECTION('center_axis',(-1.,0.,0.));
#2718=DIRECTION('ref_axis',(0.,-1.,0.));
#2719=DIRECTION('',(0.,-1.,0.));
#2720=DIRECTION('',(0.,0.,1.));
#2721=DIRECTION('',(0.,1.,0.));
#2722=DIRECTION('',(0.,0.,1.));
#2723=DIRECTION('center_axis',(0.,1.,0.));
#2724=DIRECTION('ref_axis',(-1.,0.,0.));
#2725=DIRECTION('',(-1.,0.,0.));
#2726=DIRECTION('',(0.,0.,1.));
#2727=DIRECTION('',(1.,0.,0.));
#2728=DIRECTION('center_axis',(1.,0.,0.));
#2729=DIRECTION('ref_axis',(0.,1.,0.));
#2730=DIRECTION('',(0.,1.,0.));
#2731=DIRECTION('',(0.,0.,1.));
#2732=DIRECTION('',(0.,-1.,0.));
#2733=DIRECTION('center_axis',(0.,-1.,0.));
#2734=DIRECTION('ref_axis',(1.,0.,0.));
#2735=DIRECTION('',(1.,0.,0.));
#2736=DIRECTION('',(-1.,0.,0.));
#2737=DIRECTION('center_axis',(1.,0.,0.));
#2738=DIRECTION('ref_axis',(0.,0.,1.));
#2739=DIRECTION('',(0.,0.,1.));
#2740=DIRECTION('',(0.,-1.,0.));
#2741=DIRECTION('',(0.,0.,1.));
#2742=DIRECTION('',(0.,-1.,0.));
#2743=DIRECTION('center_axis',(0.,0.,-1.));
#2744=DIRECTION('ref_axis',(1.,0.,0.));
#2745=DIRECTION('',(1.,0.,0.));
#2746=DIRECTION('',(0.,-1.,0.));
#2747=DIRECTION('',(1.,0.,0.));
#2748=DIRECTION('center_axis',(-1.,0.,0.));
#2749=DIRECTION('ref_axis',(0.,0.,-1.));
#2750=DIRECTION('',(0.,0.,-1.));
#2751=DIRECTION('',(0.,-1.,0.));
#2752=DIRECTION('',(0.,0.,-1.));
#2753=DIRECTION('center_axis',(0.,0.,1.));
#2754=DIRECTION('ref_axis',(-1.,0.,0.));
#2755=DIRECTION('',(-1.,0.,0.));
#2756=DIRECTION('',(-1.,0.,0.));
#2757=DIRECTION('center_axis',(0.,-1.,0.));
#2758=DIRECTION('ref_axis',(0.,0.,-1.));
#2759=DIRECTION('center_axis',(-1.,0.,0.));
#2760=DIRECTION('ref_axis',(0.,0.,1.));
#2761=DIRECTION('',(0.,0.,-1.));
#2762=DIRECTION('',(0.,1.,0.));
#2763=DIRECTION('',(0.,0.,1.));
#2764=DIRECTION('',(0.,1.,0.));
#2765=DIRECTION('center_axis',(0.,0.,-1.));
#2766=DIRECTION('ref_axis',(-1.,0.,0.));
#2767=DIRECTION('',(1.,0.,0.));
#2768=DIRECTION('',(-1.,0.,0.));
#2769=DIRECTION('',(0.,1.,0.));
#2770=DIRECTION('center_axis',(1.,0.,0.));
#2771=DIRECTION('ref_axis',(0.,0.,-1.));
#2772=DIRECTION('',(0.,0.,1.));
#2773=DIRECTION('',(0.,0.,-1.));
#2774=DIRECTION('',(0.,1.,0.));
#2775=DIRECTION('center_axis',(0.,0.,1.));
#2776=DIRECTION('ref_axis',(1.,0.,0.));
#2777=DIRECTION('',(-1.,0.,0.));
#2778=DIRECTION('',(1.,0.,0.));
#2779=DIRECTION('center_axis',(0.,1.,0.));
#2780=DIRECTION('ref_axis',(0.,0.,1.));
#2781=DIRECTION('center_axis',(0.,1.,0.));
#2782=DIRECTION('ref_axis',(1.,0.,0.));
#2783=DIRECTION('',(0.,4.94930980454932E-33,-1.));
#2784=DIRECTION('',(1.,-6.12323399573676E-17,0.));
#2785=DIRECTION('',(0.,0.,1.));
#2786=DIRECTION('',(1.,0.,0.));
#2787=DIRECTION('',(7.19521376102091E-16,1.53455423569549E-17,0.999999999999999));
#2788=DIRECTION('',(1.,-3.60822483003176E-16,5.55111512312579E-16));
#2789=DIRECTION('',(1.,1.94289029309405E-16,1.0909358939085E-15));
#2790=DIRECTION('',(1.0909358939085E-15,6.45821177023181E-15,-1.));
#2791=CARTESIAN_POINT('',(0.,0.,0.));
#2792=CARTESIAN_POINT('',(0.,0.,0.));
#2793=CARTESIAN_POINT('Origin',(201.577722914477,344.,135.295793343998));
#2794=CARTESIAN_POINT('',(395.577722914477,344.,-8.704206656002));
#2795=CARTESIAN_POINT('',(7.57772291447679,344.,-8.704206656002));
#2796=CARTESIAN_POINT('',(395.577722914477,344.,-8.704206656002));
#2797=CARTESIAN_POINT('',(395.577722914477,344.,279.295793343998));
#2798=CARTESIAN_POINT('',(395.577722914477,344.,279.295793343998));
#2799=CARTESIAN_POINT('',(7.57772291447679,344.,279.295793343998));
#2800=CARTESIAN_POINT('',(7.57772291447679,344.,279.295793343998));
#2801=CARTESIAN_POINT('',(7.57772291447679,344.,-8.704206656002));
#2802=CARTESIAN_POINT('',(36.5777229144768,344.,150.295793343998));
#2803=CARTESIAN_POINT('',(161.577722914477,344.,150.295793343998));
#2804=CARTESIAN_POINT('',(119.077722914477,344.,150.295793343998));
#2805=CARTESIAN_POINT('',(36.5777229144768,344.,250.295793343998));
#2806=CARTESIAN_POINT('',(36.5777229144768,344.,192.795793343998));
#2807=CARTESIAN_POINT('',(161.577722914477,344.,250.295793343998));
#2808=CARTESIAN_POINT('',(181.577722914477,344.,250.295793343998));
#2809=CARTESIAN_POINT('',(161.577722914477,344.,142.795793343998));
#2810=CARTESIAN_POINT('',(36.5777229144768,344.,120.295793343998));
#2811=CARTESIAN_POINT('',(36.5777229144768,344.,20.295793343998));
#2812=CARTESIAN_POINT('',(36.5777229144768,344.,127.795793343998));
#2813=CARTESIAN_POINT('',(161.577722914477,344.,120.295793343998));
#2814=CARTESIAN_POINT('',(181.577722914477,344.,120.295793343998));
#2815=CARTESIAN_POINT('',(161.577722914477,344.,20.295793343998));
#2816=CARTESIAN_POINT('',(161.577722914477,344.,77.795793343998));
#2817=CARTESIAN_POINT('',(119.077722914477,344.,20.295793343998));
#2818=CARTESIAN_POINT('',(366.577722914477,344.,125.295793343998));
#2819=CARTESIAN_POINT('',(241.577722914477,344.,125.295793343998));
#2820=CARTESIAN_POINT('',(284.077722914477,344.,125.295793343998));
#2821=CARTESIAN_POINT('',(366.577722914477,344.,25.295793343998));
#2822=CARTESIAN_POINT('',(366.577722914477,344.,80.295793343998));
#2823=CARTESIAN_POINT('',(241.577722914477,344.,25.295793343998));
#2824=CARTESIAN_POINT('',(221.577722914477,344.,25.295793343998));
#2825=CARTESIAN_POINT('',(241.577722914477,344.,130.295793343998));
#2826=CARTESIAN_POINT('',(241.577722914477,344.,250.295793343998));
#2827=CARTESIAN_POINT('',(241.577722914477,344.,150.295793343998));
#2828=CARTESIAN_POINT('',(241.577722914477,344.,192.795793343998));
#2829=CARTESIAN_POINT('',(366.577722914477,344.,250.295793343998));
#2830=CARTESIAN_POINT('',(284.077722914477,344.,250.295793343998));
#2831=CARTESIAN_POINT('',(366.577722914477,344.,150.295793343998));
#2832=CARTESIAN_POINT('',(366.577722914477,344.,142.795793343998));
#2833=CARTESIAN_POINT('',(221.577722914477,344.,150.295793343998));
#2834=CARTESIAN_POINT('Origin',(366.577722914477,150.,250.295793343998));
#2835=CARTESIAN_POINT('',(241.577722914477,350.,250.295793343998));
#2836=CARTESIAN_POINT('',(241.577722914477,150.,250.295793343998));
#2837=CARTESIAN_POINT('',(366.577722914477,350.,250.295793343998));
#2838=CARTESIAN_POINT('',(284.077722914477,350.,250.295793343998));
#2839=CARTESIAN_POINT('',(366.577722914477,150.,250.295793343998));
#2840=CARTESIAN_POINT('Origin',(241.577722914477,150.,250.295793343998));
#2841=CARTESIAN_POINT('',(241.577722914477,350.,150.295793343998));
#2842=CARTESIAN_POINT('',(241.577722914477,150.,150.295793343998));
#2843=CARTESIAN_POINT('',(241.577722914477,350.,192.795793343998));
#2844=CARTESIAN_POINT('Origin',(366.577722914477,150.,25.295793343998));
#2845=CARTESIAN_POINT('',(366.577722914477,350.,125.295793343998));
#2846=CARTESIAN_POINT('',(366.577722914477,150.,125.295793343998));
#2847=CARTESIAN_POINT('',(366.577722914477,350.,25.295793343998));
#2848=CARTESIAN_POINT('',(366.577722914477,350.,80.295793343998));
#2849=CARTESIAN_POINT('',(366.577722914477,150.,25.295793343998));
#2850=CARTESIAN_POINT('Origin',(366.577722914477,150.,125.295793343998));
#2851=CARTESIAN_POINT('',(241.577722914477,350.,125.295793343998));
#2852=CARTESIAN_POINT('',(241.577722914477,150.,125.295793343998));
#2853=CARTESIAN_POINT('',(284.077722914477,350.,125.295793343998));
#2854=CARTESIAN_POINT('Origin',(161.577722914477,150.,120.295793343998));
#2855=CARTESIAN_POINT('',(36.5777229144768,350.,120.295793343998));
#2856=CARTESIAN_POINT('',(36.5777229144768,150.,120.295793343998));
#2857=CARTESIAN_POINT('',(161.577722914477,350.,120.295793343998));
#2858=CARTESIAN_POINT('',(181.577722914477,350.,120.295793343998));
#2859=CARTESIAN_POINT('',(161.577722914477,150.,120.295793343998));
#2860=CARTESIAN_POINT('Origin',(36.5777229144768,150.,120.295793343998));
#2861=CARTESIAN_POINT('',(36.5777229144768,350.,20.295793343998));
#2862=CARTESIAN_POINT('',(36.5777229144768,150.,20.295793343998));
#2863=CARTESIAN_POINT('',(36.5777229144768,350.,127.795793343998));
#2864=CARTESIAN_POINT('Origin',(36.5777229144768,150.,250.295793343998));
#2865=CARTESIAN_POINT('',(36.5777229144768,350.,150.295793343998));
#2866=CARTESIAN_POINT('',(36.5777229144768,150.,150.295793343998));
#2867=CARTESIAN_POINT('',(36.5777229144768,350.,250.295793343998));
#2868=CARTESIAN_POINT('',(36.5777229144768,350.,192.795793343998));
#2869=CARTESIAN_POINT('',(36.5777229144768,150.,250.295793343998));
#2870=CARTESIAN_POINT('Origin',(36.5777229144768,150.,150.295793343998));
#2871=CARTESIAN_POINT('',(161.577722914477,350.,150.295793343998));
#2872=CARTESIAN_POINT('',(161.577722914477,150.,150.295793343998));
#2873=CARTESIAN_POINT('',(119.077722914477,350.,150.295793343998));
#2874=CARTESIAN_POINT('Origin',(201.577722914477,350.,135.295793343998));
#2875=CARTESIAN_POINT('',(1.57772291447678,350.,285.295793343998));
#2876=CARTESIAN_POINT('',(401.577722914477,350.,285.295793343998));
#2877=CARTESIAN_POINT('',(401.577722914477,350.,285.295793343998));
#2878=CARTESIAN_POINT('',(401.577722914477,350.,-14.704206656002));
#2879=CARTESIAN_POINT('',(401.577722914477,350.,-14.704206656002));
#2880=CARTESIAN_POINT('',(1.57772291447678,350.,-14.704206656002));
#2881=CARTESIAN_POINT('',(1.57772291447679,350.,-14.704206656002));
#2882=CARTESIAN_POINT('',(1.57772291447679,350.,285.295793343998));
#2883=CARTESIAN_POINT('',(366.577722914477,350.,150.295793343998));
#2884=CARTESIAN_POINT('',(366.577722914477,350.,142.795793343998));
#2885=CARTESIAN_POINT('',(221.577722914477,350.,150.295793343998));
#2886=CARTESIAN_POINT('',(161.577722914477,350.,250.295793343998));
#2887=CARTESIAN_POINT('',(181.577722914477,350.,250.295793343998));
#2888=CARTESIAN_POINT('',(161.577722914477,350.,142.795793343998));
#2889=CARTESIAN_POINT('',(241.577722914477,350.,25.295793343998));
#2890=CARTESIAN_POINT('',(221.577722914477,350.,25.295793343998));
#2891=CARTESIAN_POINT('',(241.577722914477,350.,130.295793343998));
#2892=CARTESIAN_POINT('',(161.577722914477,350.,20.295793343998));
#2893=CARTESIAN_POINT('',(161.577722914477,350.,77.795793343998));
#2894=CARTESIAN_POINT('',(119.077722914477,350.,20.295793343998));
#2895=CARTESIAN_POINT('Origin',(366.577722914477,150.,150.295793343998));
#2896=CARTESIAN_POINT('',(366.577722914477,150.,150.295793343998));
#2897=CARTESIAN_POINT('Origin',(241.577722914477,150.,150.295793343998));
#2898=CARTESIAN_POINT('Origin',(161.577722914477,150.,250.295793343998));
#2899=CARTESIAN_POINT('',(161.577722914477,150.,250.295793343998));
#2900=CARTESIAN_POINT('Origin',(161.577722914477,150.,150.295793343998));
#2901=CARTESIAN_POINT('Origin',(241.577722914477,150.,25.295793343998));
#2902=CARTESIAN_POINT('',(241.577722914477,150.,25.295793343998));
#2903=CARTESIAN_POINT('Origin',(241.577722914477,150.,125.295793343998));
#2904=CARTESIAN_POINT('Origin',(161.577722914477,150.,20.295793343998));
#2905=CARTESIAN_POINT('',(161.577722914477,150.,20.295793343998));
#2906=CARTESIAN_POINT('Origin',(36.5777229144768,150.,20.295793343998));
#2907=CARTESIAN_POINT('Origin',(395.577722914477,0.,279.295793343998));
#2908=CARTESIAN_POINT('',(395.577722914477,0.,279.295793343998));
#2909=CARTESIAN_POINT('',(395.577722914477,0.,-8.70420665600204));
#2910=CARTESIAN_POINT('',(395.577722914477,0.,207.295793343998));
#2911=CARTESIAN_POINT('',(395.577722914477,0.,279.295793343998));
#2912=CARTESIAN_POINT('',(395.577722914477,0.,-8.70420665600204));
#2913=CARTESIAN_POINT('Origin',(7.57772291447679,0.,279.295793343998));
#2914=CARTESIAN_POINT('',(7.57772291447679,0.,279.295793343998));
#2915=CARTESIAN_POINT('',(104.577722914477,0.,279.295793343998));
#2916=CARTESIAN_POINT('',(7.57772291447679,0.,279.295793343998));
#2917=CARTESIAN_POINT('Origin',(7.57772291447679,0.,-8.70420665600204));
#2918=CARTESIAN_POINT('',(7.57772291447679,0.,-8.70420665600204));
#2919=CARTESIAN_POINT('',(7.57772291447679,0.,63.295793343998));
#2920=CARTESIAN_POINT('',(7.57772291447679,0.,-8.70420665600204));
#2921=CARTESIAN_POINT('Origin',(395.577722914477,0.,-8.70420665600204));
#2922=CARTESIAN_POINT('',(298.577722914477,0.,-8.70420665600204));
#2923=CARTESIAN_POINT('Origin',(1.57772291447679,0.,-14.704206656002));
#2924=CARTESIAN_POINT('',(1.57772291447679,0.,285.295793343998));
#2925=CARTESIAN_POINT('',(1.57772291447679,0.,-14.704206656002));
#2926=CARTESIAN_POINT('',(1.57772291447679,0.,285.295793343998));
#2927=CARTESIAN_POINT('',(1.57772291447679,0.,285.295793343998));
#2928=CARTESIAN_POINT('',(1.57772291447679,0.,-14.704206656002));
#2929=CARTESIAN_POINT('Origin',(401.577722914477,0.,-14.704206656002));
#2930=CARTESIAN_POINT('',(401.577722914477,0.,-14.704206656002));
#2931=CARTESIAN_POINT('',(1.57772291447679,0.,-14.704206656002));
#2932=CARTESIAN_POINT('',(401.577722914477,0.,-14.704206656002));
#2933=CARTESIAN_POINT('Origin',(401.577722914477,0.,285.295793343998));
#2934=CARTESIAN_POINT('',(401.577722914477,0.,285.295793343998));
#2935=CARTESIAN_POINT('',(401.577722914477,0.,-14.704206656002));
#2936=CARTESIAN_POINT('',(401.577722914477,0.,285.295793343998));
#2937=CARTESIAN_POINT('Origin',(1.57772291447678,0.,285.295793343998));
#2938=CARTESIAN_POINT('',(401.577722914477,0.,285.295793343998));
#2939=CARTESIAN_POINT('Origin',(201.577722914477,0.,135.295793343998));
#2940=CARTESIAN_POINT('',(0.,0.,0.));
#2941=CARTESIAN_POINT('',(0.,0.,0.));
#2942=CARTESIAN_POINT('Origin',(280.999999999998,-389.561018038745,-436.351185569004));
#2943=CARTESIAN_POINT('',(280.999999999999,-89.5610180387446,-436.351185569004));
#2944=CARTESIAN_POINT('',(280.999999999998,-389.561018038745,-436.351185569004));
#2945=CARTESIAN_POINT('',(280.999999999999,-314.561018038745,-436.351185569004));
#2946=CARTESIAN_POINT('',(295.999999999999,-89.5610180387447,-436.351185569004));
#2947=CARTESIAN_POINT('',(280.999999999999,-89.5610180387446,-436.351185569004));
#2948=CARTESIAN_POINT('',(295.999999999998,-389.561018038745,-436.351185569004));
#2949=CARTESIAN_POINT('',(295.999999999999,-89.5610180387447,-436.351185569004));
#2950=CARTESIAN_POINT('',(280.999999999998,-389.561018038745,-436.351185569004));
#2951=CARTESIAN_POINT('Origin',(280.999999999999,-389.561018038745,-236.351185569004));
#2952=CARTESIAN_POINT('',(280.999999999999,-389.561018038745,-236.351185569004));
#2953=CARTESIAN_POINT('',(280.999999999999,-389.561018038745,-286.351185569004));
#2954=CARTESIAN_POINT('',(295.999999999999,-389.561018038745,-236.351185569004));
#2955=CARTESIAN_POINT('',(295.999999999998,-389.561018038745,-436.351185569004));
#2956=CARTESIAN_POINT('',(280.999999999999,-389.561018038745,-236.351185569004));
#2957=CARTESIAN_POINT('Origin',(280.999999999999,-89.5610180387449,-236.351185569004));
#2958=CARTESIAN_POINT('',(280.999999999999,-89.5610180387449,-236.351185569004));
#2959=CARTESIAN_POINT('',(280.999999999999,-164.561018038745,-236.351185569004));
#2960=CARTESIAN_POINT('',(295.999999999999,-89.5610180387449,-236.351185569004));
#2961=CARTESIAN_POINT('',(295.999999999999,-389.561018038745,-236.351185569004));
#2962=CARTESIAN_POINT('',(280.999999999999,-89.5610180387449,-236.351185569004));
#2963=CARTESIAN_POINT('Origin',(280.999999999999,-89.5610180387446,-436.351185569004));
#2964=CARTESIAN_POINT('',(280.999999999999,-89.5610180387447,-386.351185569004));
#2965=CARTESIAN_POINT('',(295.999999999999,-89.5610180387449,-236.351185569004));
#2966=CARTESIAN_POINT('Origin',(295.999999999999,-239.561018038745,-336.351185569004));
#2967=CARTESIAN_POINT('Origin',(281.,-409.561018038745,-216.351185569004));
#2968=CARTESIAN_POINT('',(280.999999999999,-69.5610180387449,-216.351185569004));
#2969=CARTESIAN_POINT('',(281.,-409.561018038745,-216.351185569004));
#2970=CARTESIAN_POINT('',(280.999999999999,-69.5610180387449,-216.351185569004));
#2971=CARTESIAN_POINT('',(274.999999999999,-69.5610180387449,-216.351185569004));
#2972=CARTESIAN_POINT('',(280.999999999999,-69.5610180387449,-216.351185569004));
#2973=CARTESIAN_POINT('',(274.999999999999,-409.561018038745,-216.351185569004));
#2974=CARTESIAN_POINT('',(274.999999999999,-69.5610180387449,-216.351185569004));
#2975=CARTESIAN_POINT('',(281.,-409.561018038745,-216.351185569004));
#2976=CARTESIAN_POINT('Origin',(280.999999999999,-409.561018038745,-456.351185569004));
#2977=CARTESIAN_POINT('',(280.999999999999,-409.561018038745,-456.351185569004));
#2978=CARTESIAN_POINT('',(281.,-409.561018038745,-216.351185569004));
#2979=CARTESIAN_POINT('',(274.999999999999,-409.561018038745,-456.351185569004));
#2980=CARTESIAN_POINT('',(274.999999999999,-409.561018038745,-216.351185569004));
#2981=CARTESIAN_POINT('',(280.999999999999,-409.561018038745,-456.351185569004));
#2982=CARTESIAN_POINT('Origin',(280.999999999999,-69.5610180387447,-456.351185569004));
#2983=CARTESIAN_POINT('',(280.999999999999,-69.5610180387447,-456.351185569004));
#2984=CARTESIAN_POINT('',(280.999999999999,-409.561018038745,-456.351185569004));
#2985=CARTESIAN_POINT('',(274.999999999999,-69.5610180387447,-456.351185569004));
#2986=CARTESIAN_POINT('',(274.999999999999,-409.561018038745,-456.351185569004));
#2987=CARTESIAN_POINT('',(280.999999999999,-69.5610180387447,-456.351185569004));
#2988=CARTESIAN_POINT('Origin',(280.999999999999,-69.5610180387449,-216.351185569004));
#2989=CARTESIAN_POINT('',(280.999999999999,-69.5610180387447,-456.351185569004));
#2990=CARTESIAN_POINT('',(274.999999999999,-69.5610180387447,-456.351185569004));
#2991=CARTESIAN_POINT('Origin',(274.999999999999,-239.561018038745,-336.351185569004));
#2992=CARTESIAN_POINT('Origin',(280.999999999999,-239.561018038745,-336.351185569004));
#2993=CARTESIAN_POINT('',(0.,0.,0.));
#2994=CARTESIAN_POINT('Origin',(275.,64.19580641814,-242.430568398344));
#2995=CARTESIAN_POINT('',(275.,-85.80419358186,-242.430568398344));
#2996=CARTESIAN_POINT('',(275.,64.19580641814,-242.430568398344));
#2997=CARTESIAN_POINT('',(275.,-85.80419358186,-242.430568398344));
#2998=CARTESIAN_POINT('',(281.,-85.80419358186,-242.430568398344));
#2999=CARTESIAN_POINT('',(275.,-85.80419358186,-242.430568398344));
#3000=CARTESIAN_POINT('',(281.,64.19580641814,-242.430568398344));
#3001=CARTESIAN_POINT('',(281.,-85.80419358186,-242.430568398344));
#3002=CARTESIAN_POINT('',(275.,64.19580641814,-242.430568398344));
#3003=CARTESIAN_POINT('Origin',(275.,64.19580641814,-442.430568398344));
#3004=CARTESIAN_POINT('',(275.,64.19580641814,-442.430568398344));
#3005=CARTESIAN_POINT('',(275.,64.19580641814,-242.430568398344));
#3006=CARTESIAN_POINT('',(281.,64.19580641814,-442.430568398344));
#3007=CARTESIAN_POINT('',(281.,64.19580641814,-242.430568398344));
#3008=CARTESIAN_POINT('',(275.,64.19580641814,-442.430568398344));
#3009=CARTESIAN_POINT('Origin',(275.,-85.80419358186,-442.430568398344));
#3010=CARTESIAN_POINT('',(275.,-85.80419358186,-442.430568398344));
#3011=CARTESIAN_POINT('',(275.,64.19580641814,-442.430568398344));
#3012=CARTESIAN_POINT('',(281.,-85.80419358186,-442.430568398344));
#3013=CARTESIAN_POINT('',(281.,64.19580641814,-442.430568398344));
#3014=CARTESIAN_POINT('',(275.,-85.80419358186,-442.430568398344));
#3015=CARTESIAN_POINT('Origin',(275.,-85.80419358186,-242.430568398344));
#3016=CARTESIAN_POINT('',(275.,-85.80419358186,-442.430568398344));
#3017=CARTESIAN_POINT('',(281.,-85.80419358186,-442.430568398344));
#3018=CARTESIAN_POINT('Origin',(281.,-10.80419358186,-342.430568398344));
#3019=CARTESIAN_POINT('Origin',(275.,-10.80419358186,-342.430568398344));
#3020=CARTESIAN_POINT('',(0.,0.,0.));
#3021=CARTESIAN_POINT('Origin',(125.,279.176369763583,-199.999999999997));
#3022=CARTESIAN_POINT('',(125.,279.176369763583,-199.999999999997));
#3023=CARTESIAN_POINT('',(125.,231.071923918733,-199.999999999998));
#3024=CARTESIAN_POINT('',(125.,139.588184881791,-200.));
#3025=CARTESIAN_POINT('',(125.,279.176369763583,-214.999999999997));
#3026=CARTESIAN_POINT('',(125.,279.176369763583,-199.999999999997));
#3027=CARTESIAN_POINT('',(125.,231.071923918733,-214.999999999998));
#3028=CARTESIAN_POINT('',(125.,147.088184881791,-215.));
#3029=CARTESIAN_POINT('',(125.,231.071923918733,-199.999999999998));
#3030=CARTESIAN_POINT('Origin',(21.7577661011493,279.176369763583,-199.999999999998));
#3031=CARTESIAN_POINT('',(21.7577661011493,279.176369763583,-199.999999999998));
#3032=CARTESIAN_POINT('',(10.8788830505746,279.176369763583,-200.));
#3033=CARTESIAN_POINT('',(21.7577661011494,279.176369763583,-214.999999999998));
#3034=CARTESIAN_POINT('',(21.7577661011493,279.176369763583,-199.999999999998));
#3035=CARTESIAN_POINT('',(135.878883050575,279.176369763583,-215.000000000001));
#3036=CARTESIAN_POINT('Origin',(21.7577661011493,231.071923918733,-199.999999999998));
#3037=CARTESIAN_POINT('',(21.7577661011493,231.071923918733,-199.999999999998));
#3038=CARTESIAN_POINT('',(21.7577661011494,115.535961959366,-200.));
#3039=CARTESIAN_POINT('',(21.7577661011494,231.071923918733,-214.999999999998));
#3040=CARTESIAN_POINT('',(21.7577661011493,231.071923918733,-199.999999999998));
#3041=CARTESIAN_POINT('',(21.7577661011495,123.035961959366,-214.999999999999));
#3042=CARTESIAN_POINT('Origin',(125.,231.071923918733,-199.999999999998));
#3043=CARTESIAN_POINT('',(62.4999999999999,231.071923918733,-200.));
#3044=CARTESIAN_POINT('',(187.5,231.071923918733,-215.000000000001));
#3045=CARTESIAN_POINT('Origin',(249.999999999999,284.999999999998,-385.000000000002));
#3046=CARTESIAN_POINT('',(249.999999999999,284.999999999998,-385.000000000002));
#3047=CARTESIAN_POINT('',(249.999999999999,14.9999999999978,-385.));
#3048=CARTESIAN_POINT('',(250.,142.499999999998,-385.000000000001));
#3049=CARTESIAN_POINT('',(14.9999999999995,284.999999999998,-385.));
#3050=CARTESIAN_POINT('',(249.999999999999,284.999999999998,-385.000000000002));
#3051=CARTESIAN_POINT('',(14.9999999999994,14.9999999999978,-384.999999999999));
#3052=CARTESIAN_POINT('',(14.9999999999995,284.999999999998,-385.));
#3053=CARTESIAN_POINT('',(249.999999999999,14.9999999999978,-385.));
#3054=CARTESIAN_POINT('Origin',(250.000000000001,284.999999999999,-215.000000000002));
#3055=CARTESIAN_POINT('',(250.000000000001,284.999999999999,-215.000000000002));
#3056=CARTESIAN_POINT('',(250.,284.999999999999,-207.500000000002));
#3057=CARTESIAN_POINT('',(15.0000000000006,284.999999999999,-215.));
#3058=CARTESIAN_POINT('',(250.000000000001,284.999999999999,-215.000000000002));
#3059=CARTESIAN_POINT('',(15.0000000000006,284.999999999999,-215.));
#3060=CARTESIAN_POINT('Origin',(250.000000000001,14.9999999999988,-215.));
#3061=CARTESIAN_POINT('',(250.000000000001,14.9999999999988,-215.));
#3062=CARTESIAN_POINT('',(250.,7.49999999999933,-215.));
#3063=CARTESIAN_POINT('',(15.0000000000006,14.9999999999988,-214.999999999998));
#3064=CARTESIAN_POINT('',(250.000000000001,14.9999999999988,-215.));
#3065=CARTESIAN_POINT('',(15.0000000000006,14.9999999999988,-214.999999999998));
#3066=CARTESIAN_POINT('Origin',(249.999999999999,14.9999999999978,-385.));
#3067=CARTESIAN_POINT('',(250.,14.9999999999983,-292.5));
#3068=CARTESIAN_POINT('',(14.9999999999994,14.9999999999978,-384.999999999999));
#3069=CARTESIAN_POINT('Origin',(15.,149.999999999998,-299.999999999999));
#3070=CARTESIAN_POINT('Origin',(250.,0.,-200.));
#3071=CARTESIAN_POINT('',(250.,0.,-400.));
#3072=CARTESIAN_POINT('',(250.,0.,-200.));
#3073=CARTESIAN_POINT('',(250.,0.,-400.));
#3074=CARTESIAN_POINT('',(250.,300.,-400.));
#3075=CARTESIAN_POINT('',(250.,0.,-400.));
#3076=CARTESIAN_POINT('',(250.,300.,-200.));
#3077=CARTESIAN_POINT('',(250.,300.,-400.));
#3078=CARTESIAN_POINT('',(250.,0.,-200.));
#3079=CARTESIAN_POINT('Origin',(0.,0.,-200.));
#3080=CARTESIAN_POINT('',(0.,0.,-200.));
#3081=CARTESIAN_POINT('',(250.,0.,-200.));
#3082=CARTESIAN_POINT('',(0.,300.,-200.));
#3083=CARTESIAN_POINT('',(250.,300.,-200.));
#3084=CARTESIAN_POINT('',(0.,0.,-200.));
#3085=CARTESIAN_POINT('Origin',(0.,0.,-400.));
#3086=CARTESIAN_POINT('',(0.,0.,-400.));
#3087=CARTESIAN_POINT('',(0.,0.,-200.));
#3088=CARTESIAN_POINT('',(0.,300.,-400.));
#3089=CARTESIAN_POINT('',(0.,300.,-200.));
#3090=CARTESIAN_POINT('',(0.,0.,-400.));
#3091=CARTESIAN_POINT('Origin',(250.,0.,-400.));
#3092=CARTESIAN_POINT('',(0.,0.,-400.));
#3093=CARTESIAN_POINT('',(0.,300.,-400.));
#3094=CARTESIAN_POINT('Origin',(125.,300.,-300.));
#3095=CARTESIAN_POINT('Origin',(125.,0.,-300.));
#3096=CARTESIAN_POINT('',(0.,0.,0.));
#3097=CARTESIAN_POINT('Origin',(-164.281378514479,50.,-17.6654794067301));
#3098=CARTESIAN_POINT('',(-158.281378514479,200.,-17.6654794067301));
#3099=CARTESIAN_POINT('',(-158.281378514479,50.,-17.6654794067301));
#3100=CARTESIAN_POINT('',(-158.281378514479,24.9999999999999,-17.6654794067301));
#3101=CARTESIAN_POINT('',(-164.281378514479,200.,-17.6654794067301));
#3102=CARTESIAN_POINT('',(-164.281378514479,200.,-17.6654794067301));
#3103=CARTESIAN_POINT('',(-164.281378514479,50.,-17.6654794067301));
#3104=CARTESIAN_POINT('',(-164.281378514479,25.,-17.6654794067301));
#3105=CARTESIAN_POINT('',(-164.281378514479,50.,-17.6654794067301));
#3106=CARTESIAN_POINT('Origin',(-164.281378514479,50.,182.33452059327));
#3107=CARTESIAN_POINT('',(-158.281378514479,50.,182.33452059327));
#3108=CARTESIAN_POINT('',(-158.281378514479,50.,60.3345205932699));
#3109=CARTESIAN_POINT('',(-164.281378514479,50.,182.33452059327));
#3110=CARTESIAN_POINT('',(-164.281378514479,50.,57.3345205932699));
#3111=CARTESIAN_POINT('',(-164.281378514479,50.,182.33452059327));
#3112=CARTESIAN_POINT('Origin',(-164.281378514479,200.,182.33452059327));
#3113=CARTESIAN_POINT('',(-158.281378514479,200.,182.33452059327));
#3114=CARTESIAN_POINT('',(-158.281378514479,99.9999999999999,182.33452059327));
#3115=CARTESIAN_POINT('',(-164.281378514479,200.,182.33452059327));
#3116=CARTESIAN_POINT('',(-164.281378514479,100.,182.33452059327));
#3117=CARTESIAN_POINT('',(-164.281378514479,200.,182.33452059327));
#3118=CARTESIAN_POINT('Origin',(-164.281378514479,200.,-17.6654794067301));
#3119=CARTESIAN_POINT('',(-158.281378514479,200.,-39.6654794067301));
#3120=CARTESIAN_POINT('',(-164.281378514479,200.,-42.6654794067301));
#3121=CARTESIAN_POINT('Origin',(-64.2813785144794,425.,232.33452059327));
#3122=CARTESIAN_POINT('',(-64.2813785144793,425.,232.33452059327));
#3123=CARTESIAN_POINT('',(85.7186214855206,425.,232.33452059327));
#3124=CARTESIAN_POINT('',(-114.281378514479,425.,232.33452059327));
#3125=CARTESIAN_POINT('',(-64.2813785144793,425.,226.33452059327));
#3126=CARTESIAN_POINT('',(-64.2813785144793,425.,232.33452059327));
#3127=CARTESIAN_POINT('',(85.7186214855206,425.,226.33452059327));
#3128=CARTESIAN_POINT('',(-111.281378514479,425.,226.33452059327));
#3129=CARTESIAN_POINT('',(85.7186214855206,425.,232.33452059327));
#3130=CARTESIAN_POINT('Origin',(-64.2813785144792,275.,232.33452059327));
#3131=CARTESIAN_POINT('',(-64.2813785144792,275.,232.33452059327));
#3132=CARTESIAN_POINT('',(-64.2813785144791,137.5,232.33452059327));
#3133=CARTESIAN_POINT('',(-64.2813785144792,275.,226.33452059327));
#3134=CARTESIAN_POINT('',(-64.2813785144792,275.,232.33452059327));
#3135=CARTESIAN_POINT('',(-64.2813785144791,137.5,226.33452059327));
#3136=CARTESIAN_POINT('Origin',(85.7186214855208,275.,232.33452059327));
#3137=CARTESIAN_POINT('',(85.7186214855208,275.,232.33452059327));
#3138=CARTESIAN_POINT('',(-39.2813785144791,275.,232.33452059327));
#3139=CARTESIAN_POINT('',(85.7186214855208,275.,226.33452059327));
#3140=CARTESIAN_POINT('',(85.7186214855208,275.,232.33452059327));
#3141=CARTESIAN_POINT('',(-36.2813785144792,275.,226.33452059327));
#3142=CARTESIAN_POINT('Origin',(85.7186214855207,425.,232.33452059327));
#3143=CARTESIAN_POINT('',(85.7186214855209,212.5,232.33452059327));
#3144=CARTESIAN_POINT('',(85.7186214855208,212.5,226.33452059327));
#3145=CARTESIAN_POINT('Origin',(235.718621485522,400.,-17.6654794067302));
#3146=CARTESIAN_POINT('',(235.718621485522,400.,-17.6654794067302));
#3147=CARTESIAN_POINT('',(235.718621485521,99.9999999999999,-17.6654794067301));
#3148=CARTESIAN_POINT('',(235.718621485521,200.,-17.6654794067301));
#3149=CARTESIAN_POINT('',(229.718621485522,400.,-17.6654794067302));
#3150=CARTESIAN_POINT('',(235.718621485522,400.,-17.6654794067302));
#3151=CARTESIAN_POINT('',(229.718621485521,99.9999999999999,-17.6654794067301));
#3152=CARTESIAN_POINT('',(229.718621485521,200.,-17.6654794067301));
#3153=CARTESIAN_POINT('',(235.718621485521,99.9999999999999,-17.6654794067301));
#3154=CARTESIAN_POINT('Origin',(235.718621485521,400.,182.33452059327));
#3155=CARTESIAN_POINT('',(235.718621485521,400.,182.33452059327));
#3156=CARTESIAN_POINT('',(235.718621485521,400.,207.33452059327));
#3157=CARTESIAN_POINT('',(229.718621485521,400.,182.33452059327));
#3158=CARTESIAN_POINT('',(235.718621485521,400.,182.33452059327));
#3159=CARTESIAN_POINT('',(229.718621485521,400.,204.33452059327));
#3160=CARTESIAN_POINT('Origin',(235.718621485521,100.,182.33452059327));
#3161=CARTESIAN_POINT('',(235.718621485521,100.,182.33452059327));
#3162=CARTESIAN_POINT('',(235.718621485521,50.,182.33452059327));
#3163=CARTESIAN_POINT('',(229.718621485521,100.,182.33452059327));
#3164=CARTESIAN_POINT('',(235.718621485521,100.,182.33452059327));
#3165=CARTESIAN_POINT('',(229.718621485521,50.0000000000001,182.33452059327));
#3166=CARTESIAN_POINT('Origin',(235.718621485521,99.9999999999999,-17.6654794067301));
#3167=CARTESIAN_POINT('',(235.718621485521,99.9999999999999,107.33452059327));
#3168=CARTESIAN_POINT('',(229.718621485521,99.9999999999999,104.33452059327));
#3169=CARTESIAN_POINT('Origin',(-158.281378514479,-2.32294290179331E-13,
-61.66547940673));
#3170=CARTESIAN_POINT('',(-158.281378514479,-2.32294290179331E-13,-61.66547940673));
#3171=CARTESIAN_POINT('',(-158.281378514479,-1.56777748605123E-13,226.33452059327));
#3172=CARTESIAN_POINT('',(-158.281378514479,-8.88178419700125E-15,10.33452059327));
#3173=CARTESIAN_POINT('',(-158.281378514479,444.,-61.6654794067301));
#3174=CARTESIAN_POINT('',(-158.281378514479,-2.32294290179331E-13,-61.66547940673));
#3175=CARTESIAN_POINT('',(-158.281378514479,444.,226.33452059327));
#3176=CARTESIAN_POINT('',(-158.281378514479,444.,-61.6654794067301));
#3177=CARTESIAN_POINT('',(-158.281378514479,-1.56777748605123E-13,226.33452059327));
#3178=CARTESIAN_POINT('Origin',(229.718621485521,1.01549773325454E-13,-61.66547940673));
#3179=CARTESIAN_POINT('',(229.718621485521,1.01549773325454E-13,-61.66547940673));
#3180=CARTESIAN_POINT('',(132.718621485521,-8.88178419700124E-15,-61.66547940673));
#3181=CARTESIAN_POINT('',(229.718621485521,444.,-61.6654794067301));
#3182=CARTESIAN_POINT('',(229.718621485521,1.01549773325454E-13,-61.66547940673));
#3183=CARTESIAN_POINT('',(229.718621485521,444.,-61.6654794067301));
#3184=CARTESIAN_POINT('Origin',(229.718621485521,1.77066314899662E-13,226.33452059327));
#3185=CARTESIAN_POINT('',(229.718621485521,1.77066314899662E-13,226.33452059327));
#3186=CARTESIAN_POINT('',(229.718621485521,-8.88178419700125E-15,154.33452059327));
#3187=CARTESIAN_POINT('',(229.718621485521,444.,226.33452059327));
#3188=CARTESIAN_POINT('',(229.718621485521,1.77066314899662E-13,226.33452059327));
#3189=CARTESIAN_POINT('',(229.718621485521,444.,226.33452059327));
#3190=CARTESIAN_POINT('Origin',(-158.281378514479,-1.56777748605123E-13,
226.33452059327));
#3191=CARTESIAN_POINT('',(-61.2813785144788,-8.88178419700126E-15,226.33452059327));
#3192=CARTESIAN_POINT('',(-158.281378514479,444.,226.33452059327));
#3193=CARTESIAN_POINT('Origin',(35.7186214855208,444.,82.3345205932699));
#3194=CARTESIAN_POINT('Origin',(235.718621485521,-8.88178419700124E-15,
232.33452059327));
#3195=CARTESIAN_POINT('',(235.718621485521,-8.88178419700124E-15,-67.6654794067301));
#3196=CARTESIAN_POINT('',(235.718621485521,-8.88178419700124E-15,232.33452059327));
#3197=CARTESIAN_POINT('',(235.718621485521,-8.88178419700124E-15,-67.6654794067301));
#3198=CARTESIAN_POINT('',(235.718621485521,450.,-67.6654794067301));
#3199=CARTESIAN_POINT('',(235.718621485521,-8.88178419700124E-15,-67.6654794067301));
#3200=CARTESIAN_POINT('',(235.718621485521,450.,232.33452059327));
#3201=CARTESIAN_POINT('',(235.718621485521,450.,-67.6654794067301));
#3202=CARTESIAN_POINT('',(235.718621485521,-8.88178419700124E-15,232.33452059327));
#3203=CARTESIAN_POINT('Origin',(-164.281378514479,-8.88178419700126E-15,
232.33452059327));
#3204=CARTESIAN_POINT('',(-164.281378514479,-8.88178419700126E-15,232.33452059327));
#3205=CARTESIAN_POINT('',(235.718621485521,-8.88178419700124E-15,232.33452059327));
#3206=CARTESIAN_POINT('',(-164.281378514479,450.,232.33452059327));
#3207=CARTESIAN_POINT('',(235.718621485521,450.,232.33452059327));
#3208=CARTESIAN_POINT('',(-164.281378514479,-8.88178419700126E-15,232.33452059327));
#3209=CARTESIAN_POINT('Origin',(-164.281378514479,-8.88178419700126E-15,
-67.66547940673));
#3210=CARTESIAN_POINT('',(-164.281378514479,-8.88178419700126E-15,-67.6654794067301));
#3211=CARTESIAN_POINT('',(-164.281378514479,-8.88178419700126E-15,232.33452059327));
#3212=CARTESIAN_POINT('',(-164.281378514479,450.,-67.6654794067301));
#3213=CARTESIAN_POINT('',(-164.281378514479,450.,232.33452059327));
#3214=CARTESIAN_POINT('',(-164.281378514479,-8.88178419700126E-15,-67.6654794067301));
#3215=CARTESIAN_POINT('Origin',(235.718621485521,-8.88178419700124E-15,
-67.6654794067301));
#3216=CARTESIAN_POINT('',(-164.281378514479,-8.88178419700126E-15,-67.6654794067301));
#3217=CARTESIAN_POINT('',(-164.281378514479,450.,-67.6654794067301));
#3218=CARTESIAN_POINT('Origin',(35.7186214855212,450.,82.33452059327));
#3219=CARTESIAN_POINT('Origin',(35.7186214855213,-8.88178419700125E-15,
82.33452059327));
#3220=CARTESIAN_POINT('',(0.,0.,0.));
#3221=CARTESIAN_POINT('Origin',(-97.0829508838169,268.060745701709,0.));
#3222=CARTESIAN_POINT('',(-97.0829508838169,118.060745701709,0.));
#3223=CARTESIAN_POINT('',(-97.0829508838169,268.060745701709,0.));
#3224=CARTESIAN_POINT('',(-97.0829508838169,118.060745701709,0.));
#3225=CARTESIAN_POINT('',(-97.0829508838169,118.060745701709,6.));
#3226=CARTESIAN_POINT('',(-97.0829508838169,118.060745701709,0.));
#3227=CARTESIAN_POINT('',(-97.0829508838169,268.060745701709,6.));
#3228=CARTESIAN_POINT('',(-97.0829508838169,118.060745701709,6.));
#3229=CARTESIAN_POINT('',(-97.0829508838169,268.060745701709,0.));
#3230=CARTESIAN_POINT('Origin',(52.9170491161831,268.060745701709,0.));
#3231=CARTESIAN_POINT('',(52.9170491161831,268.060745701709,0.));
#3232=CARTESIAN_POINT('',(-97.0829508838169,268.060745701709,0.));
#3233=CARTESIAN_POINT('',(52.9170491161831,268.060745701709,6.));
#3234=CARTESIAN_POINT('',(-97.0829508838169,268.060745701709,6.));
#3235=CARTESIAN_POINT('',(52.9170491161831,268.060745701709,0.));
#3236=CARTESIAN_POINT('Origin',(52.9170491161831,118.060745701709,0.));
#3237=CARTESIAN_POINT('',(52.9170491161831,118.060745701709,0.));
#3238=CARTESIAN_POINT('',(52.9170491161831,268.060745701709,0.));
#3239=CARTESIAN_POINT('',(52.9170491161831,118.060745701709,6.));
#3240=CARTESIAN_POINT('',(52.9170491161831,268.060745701709,6.));
#3241=CARTESIAN_POINT('',(52.9170491161831,118.060745701709,0.));
#3242=CARTESIAN_POINT('Origin',(-97.0829508838169,118.060745701709,0.));
#3243=CARTESIAN_POINT('',(52.9170491161831,118.060745701709,0.));
#3244=CARTESIAN_POINT('',(52.9170491161831,118.060745701709,6.));
#3245=CARTESIAN_POINT('Origin',(-22.0829508838169,193.060745701709,6.));
#3246=CARTESIAN_POINT('Origin',(-22.0829508838169,193.060745701709,0.));
#3247=CARTESIAN_POINT('',(-335.341772664272,-22.4746293337754,556.919399784851));
#3248=CARTESIAN_POINT('',(314.658227335723,-397.839840954378,-121.862354182495));
#3249=CARTESIAN_POINT('',(314.658227335724,-412.035647372514,-79.4317857841479));
#3250=CARTESIAN_POINT('',(300.376848821244,-512.035647372517,302.902734809119));
#3251=CARTESIAN_POINT('',(267.575276451905,-355.096393074227,1.56821421584841));
#3252=CARTESIAN_POINT('',(0.,0.,0.));
#3253=CARTESIAN_POINT('',(0.,0.,0.));
#3254=CARTESIAN_POINT('Origin',(-250.,25.,0.));
#3255=CARTESIAN_POINT('',(-250.,25.,0.));
#3256=CARTESIAN_POINT('',(-100.,25.,0.));
#3257=CARTESIAN_POINT('',(-250.,25.,0.));
#3258=CARTESIAN_POINT('',(-100.,25.,6.));
#3259=CARTESIAN_POINT('',(-100.,25.,0.));
#3260=CARTESIAN_POINT('',(-250.,25.,6.));
#3261=CARTESIAN_POINT('',(-250.,25.,6.));
#3262=CARTESIAN_POINT('',(-250.,25.,0.));
#3263=CARTESIAN_POINT('Origin',(-250.,75.,0.));
#3264=CARTESIAN_POINT('',(-250.,75.,0.));
#3265=CARTESIAN_POINT('',(-250.,75.,0.));
#3266=CARTESIAN_POINT('',(-250.,75.,6.));
#3267=CARTESIAN_POINT('',(-250.,75.,6.));
#3268=CARTESIAN_POINT('',(-250.,75.,0.));
#3269=CARTESIAN_POINT('Origin',(-100.,75.,0.));
#3270=CARTESIAN_POINT('',(-100.,75.,0.));
#3271=CARTESIAN_POINT('',(-100.,75.,0.));
#3272=CARTESIAN_POINT('',(-100.,75.,6.));
#3273=CARTESIAN_POINT('',(-100.,75.,6.));
#3274=CARTESIAN_POINT('',(-100.,75.,0.));
#3275=CARTESIAN_POINT('Origin',(-100.,25.,0.));
#3276=CARTESIAN_POINT('',(-100.,25.,0.));
#3277=CARTESIAN_POINT('',(-100.,25.,6.));
#3278=CARTESIAN_POINT('Origin',(-175.,50.,6.));
#3279=CARTESIAN_POINT('Origin',(-175.,50.,0.));
#3280=CARTESIAN_POINT('Origin',(14.2920853246658,75.,-45.7574580761847));
#3281=CARTESIAN_POINT('',(14.2920853246658,75.,-45.7574580761847));
#3282=CARTESIAN_POINT('',(14.2920853246658,25.,-45.7574580761847));
#3283=CARTESIAN_POINT('',(14.2920853246658,37.5,-45.7574580761847));
#3284=CARTESIAN_POINT('',(14.2920853246658,75.,-39.7574580761847));
#3285=CARTESIAN_POINT('',(14.2920853246658,75.,-45.7574580761847));
#3286=CARTESIAN_POINT('',(14.2920853246658,25.,-39.7574580761847));
#3287=CARTESIAN_POINT('',(14.2920853246658,87.5,-39.7574580761847));
#3288=CARTESIAN_POINT('',(14.2920853246658,25.,-45.7574580761847));
#3289=CARTESIAN_POINT('Origin',(164.292085324666,75.,-45.7574580761847));
#3290=CARTESIAN_POINT('',(164.292085324666,75.,-45.7574580761847));
#3291=CARTESIAN_POINT('',(201.792085324666,75.,-45.7574580761847));
#3292=CARTESIAN_POINT('',(164.292085324666,75.,-39.7574580761847));
#3293=CARTESIAN_POINT('',(164.292085324666,75.,-45.7574580761847));
#3294=CARTESIAN_POINT('',(54.7920853246658,75.,-39.7574580761847));
#3295=CARTESIAN_POINT('Origin',(164.292085324666,25.,-45.7574580761847));
#3296=CARTESIAN_POINT('',(164.292085324666,25.,-45.7574580761847));
#3297=CARTESIAN_POINT('',(164.292085324666,12.5,-45.7574580761847));
#3298=CARTESIAN_POINT('',(164.292085324666,25.,-39.7574580761847));
#3299=CARTESIAN_POINT('',(164.292085324666,25.,-45.7574580761847));
#3300=CARTESIAN_POINT('',(164.292085324666,62.5,-39.7574580761847));
#3301=CARTESIAN_POINT('Origin',(14.2920853246658,25.,-45.7574580761847));
#3302=CARTESIAN_POINT('',(126.792085324666,25.,-45.7574580761847));
#3303=CARTESIAN_POINT('',(-20.2079146753342,25.,-39.7574580761847));
#3304=CARTESIAN_POINT('Origin',(233.292085324666,100.,-39.7574580761847));
#3305=CARTESIAN_POINT('',(233.292085324666,100.,-39.7574580761847));
#3306=CARTESIAN_POINT('',(233.292085324666,100.,348.242541923815));
#3307=CARTESIAN_POINT('',(233.292085324666,100.,57.2425419238153));
#3308=CARTESIAN_POINT('',(233.292085324666,6.,-39.7574580761847));
#3309=CARTESIAN_POINT('',(233.292085324666,100.,-39.7574580761847));
#3310=CARTESIAN_POINT('',(233.292085324666,6.,348.242541923815));
#3311=CARTESIAN_POINT('',(233.292085324666,6.,-39.7574580761847));
#3312=CARTESIAN_POINT('',(233.292085324666,100.,348.242541923815));
#3313=CARTESIAN_POINT('Origin',(-54.7079146753342,100.,-39.7574580761847));
#3314=CARTESIAN_POINT('',(-54.7079146753342,100.,-39.7574580761847));
#3315=CARTESIAN_POINT('',(17.2920853246658,100.,-39.7574580761847));
#3316=CARTESIAN_POINT('',(-54.7079146753342,6.,-39.7574580761847));
#3317=CARTESIAN_POINT('',(-54.7079146753342,100.,-39.7574580761847));
#3318=CARTESIAN_POINT('',(-54.7079146753342,6.,-39.7574580761847));
#3319=CARTESIAN_POINT('Origin',(-54.7079146753342,100.,348.242541923815));
#3320=CARTESIAN_POINT('',(-54.7079146753342,100.,348.242541923815));
#3321=CARTESIAN_POINT('',(-54.7079146753342,100.,251.242541923815));
#3322=CARTESIAN_POINT('',(-54.7079146753342,6.,348.242541923815));
#3323=CARTESIAN_POINT('',(-54.7079146753342,100.,348.242541923815));
#3324=CARTESIAN_POINT('',(-54.7079146753342,6.,348.242541923815));
#3325=CARTESIAN_POINT('Origin',(233.292085324666,100.,348.242541923815));
#3326=CARTESIAN_POINT('',(161.292085324666,100.,348.242541923815));
#3327=CARTESIAN_POINT('',(233.292085324666,6.,348.242541923815));
#3328=CARTESIAN_POINT('Origin',(89.2920853246658,6.,154.242541923815));
#3329=CARTESIAN_POINT('Origin',(-60.7079146753342,0.,-45.7574580761847));
#3330=CARTESIAN_POINT('',(-60.7079146753342,0.,354.242541923815));
#3331=CARTESIAN_POINT('',(-60.7079146753342,0.,-45.7574580761847));
#3332=CARTESIAN_POINT('',(-60.7079146753342,0.,354.242541923815));
#3333=CARTESIAN_POINT('',(-60.7079146753342,100.,354.242541923815));
#3334=CARTESIAN_POINT('',(-60.7079146753342,0.,354.242541923815));
#3335=CARTESIAN_POINT('',(-60.7079146753342,100.,-45.7574580761847));
#3336=CARTESIAN_POINT('',(-60.7079146753342,100.,354.242541923815));
#3337=CARTESIAN_POINT('',(-60.7079146753342,0.,-45.7574580761847));
#3338=CARTESIAN_POINT('Origin',(239.292085324666,0.,-45.7574580761847));
#3339=CARTESIAN_POINT('',(239.292085324666,0.,-45.7574580761847));
#3340=CARTESIAN_POINT('',(-60.7079146753342,0.,-45.7574580761847));
#3341=CARTESIAN_POINT('',(239.292085324666,100.,-45.7574580761847));
#3342=CARTESIAN_POINT('',(-60.7079146753342,100.,-45.7574580761847));
#3343=CARTESIAN_POINT('',(239.292085324666,0.,-45.7574580761847));
#3344=CARTESIAN_POINT('Origin',(239.292085324666,0.,354.242541923815));
#3345=CARTESIAN_POINT('',(239.292085324666,0.,354.242541923815));
#3346=CARTESIAN_POINT('',(239.292085324666,0.,-45.7574580761847));
#3347=CARTESIAN_POINT('',(239.292085324666,100.,354.242541923815));
#3348=CARTESIAN_POINT('',(239.292085324666,100.,-45.7574580761847));
#3349=CARTESIAN_POINT('',(239.292085324666,0.,354.242541923815));
#3350=CARTESIAN_POINT('Origin',(-60.7079146753342,0.,354.242541923815));
#3351=CARTESIAN_POINT('',(239.292085324666,0.,354.242541923815));
#3352=CARTESIAN_POINT('',(239.292085324666,100.,354.242541923815));
#3353=CARTESIAN_POINT('Origin',(89.2920853246658,100.,154.242541923815));
#3354=CARTESIAN_POINT('Origin',(89.2920853246658,0.,154.242541923815));
#3355=CARTESIAN_POINT('',(264.292085324666,100.,-95.7574580761847));
#3356=CARTESIAN_POINT('',(0.,0.,0.));
#3357=CARTESIAN_POINT('',(-63.0805044212465,62.0356473725171,-85.2724208718511));
#3358=CARTESIAN_POINT('',(47.3351809906607,-549.999999999996,224.587878668662));
#3359=UNCERTAINTY_MEASURE_WITH_UNIT(LENGTH_MEASURE(0.01),#3381,
'DISTANCE_ACCURACY_VALUE',
'Maximum model space distance between geometric entities at asserted c
onnectivities');
#3360=UNCERTAINTY_MEASURE_WITH_UNIT(LENGTH_MEASURE(0.01),#3381,
'DISTANCE_ACCURACY_VALUE',
'Maximum model space distance between geometric entities at asserted c
onnectivities');
#3361=UNCERTAINTY_MEASURE_WITH_UNIT(LENGTH_MEASURE(0.01),#3381,
'DISTANCE_ACCURACY_VALUE',
'Maximum model space distance between geometric entities at asserted c
onnectivities');
#3362=UNCERTAINTY_MEASURE_WITH_UNIT(LENGTH_MEASURE(0.01),#3381,
'DISTANCE_ACCURACY_VALUE',
'Maximum model space distance between geometric entities at asserted c
onnectivities');
#3363=UNCERTAINTY_MEASURE_WITH_UNIT(LENGTH_MEASURE(0.01),#3381,
'DISTANCE_ACCURACY_VALUE',
'Maximum model space distance between geometric entities at asserted c
onnectivities');
#3364=UNCERTAINTY_MEASURE_WITH_UNIT(LENGTH_MEASURE(0.01),#3381,
'DISTANCE_ACCURACY_VALUE',
'Maximum model space distance between geometric entities at asserted c
onnectivities');
#3365=UNCERTAINTY_MEASURE_WITH_UNIT(LENGTH_MEASURE(0.01),#3381,
'DISTANCE_ACCURACY_VALUE',
'Maximum model space distance between geometric entities at asserted c
onnectivities');
#3366=UNCERTAINTY_MEASURE_WITH_UNIT(LENGTH_MEASURE(0.01),#3381,
'DISTANCE_ACCURACY_VALUE',
'Maximum model space distance between geometric entities at asserted c
onnectivities');
#3367=UNCERTAINTY_MEASURE_WITH_UNIT(LENGTH_MEASURE(0.01),#3381,
'DISTANCE_ACCURACY_VALUE',
'Maximum model space distance between geometric entities at asserted c
onnectivities');
#3368=UNCERTAINTY_MEASURE_WITH_UNIT(LENGTH_MEASURE(0.01),#3381,
'DISTANCE_ACCURACY_VALUE',
'Maximum model space distance between geometric entities at asserted c
onnectivities');
#3369=UNCERTAINTY_MEASURE_WITH_UNIT(LENGTH_MEASURE(0.01),#3381,
'DISTANCE_ACCURACY_VALUE',
'Maximum model space distance between geometric entities at asserted c
onnectivities');
#3370=(
GEOMETRIC_REPRESENTATION_CONTEXT(3)
GLOBAL_UNCERTAINTY_ASSIGNED_CONTEXT((#3359))
GLOBAL_UNIT_ASSIGNED_CONTEXT((#3381,#3383,#3384))
REPRESENTATION_CONTEXT('','3D')
);
#3371=(
GEOMETRIC_REPRESENTATION_CONTEXT(3)
GLOBAL_UNCERTAINTY_ASSIGNED_CONTEXT((#3360))
GLOBAL_UNIT_ASSIGNED_CONTEXT((#3381,#3383,#3384))
REPRESENTATION_CONTEXT('','3D')
);
#3372=(
GEOMETRIC_REPRESENTATION_CONTEXT(3)
GLOBAL_UNCERTAINTY_ASSIGNED_CONTEXT((#3361))
GLOBAL_UNIT_ASSIGNED_CONTEXT((#3381,#3383,#3384))
REPRESENTATION_CONTEXT('','3D')
);
#3373=(
GEOMETRIC_REPRESENTATION_CONTEXT(3)
GLOBAL_UNCERTAINTY_ASSIGNED_CONTEXT((#3362))
GLOBAL_UNIT_ASSIGNED_CONTEXT((#3381,#3383,#3384))
REPRESENTATION_CONTEXT('','3D')
);
#3374=(
GEOMETRIC_REPRESENTATION_CONTEXT(3)
GLOBAL_UNCERTAINTY_ASSIGNED_CONTEXT((#3363))
GLOBAL_UNIT_ASSIGNED_CONTEXT((#3381,#3383,#3384))
REPRESENTATION_CONTEXT('','3D')
);
#3375=(
GEOMETRIC_REPRESENTATION_CONTEXT(3)
GLOBAL_UNCERTAINTY_ASSIGNED_CONTEXT((#3364))
GLOBAL_UNIT_ASSIGNED_CONTEXT((#3381,#3383,#3384))
REPRESENTATION_CONTEXT('','3D')
);
#3376=(
GEOMETRIC_REPRESENTATION_CONTEXT(3)
GLOBAL_UNCERTAINTY_ASSIGNED_CONTEXT((#3365))
GLOBAL_UNIT_ASSIGNED_CONTEXT((#3381,#3383,#3384))
REPRESENTATION_CONTEXT('','3D')
);
#3377=(
GEOMETRIC_REPRESENTATION_CONTEXT(3)
GLOBAL_UNCERTAINTY_ASSIGNED_CONTEXT((#3366))
GLOBAL_UNIT_ASSIGNED_CONTEXT((#3381,#3383,#3384))
REPRESENTATION_CONTEXT('','3D')
);
#3378=(
GEOMETRIC_REPRESENTATION_CONTEXT(3)
GLOBAL_UNCERTAINTY_ASSIGNED_CONTEXT((#3367))
GLOBAL_UNIT_ASSIGNED_CONTEXT((#3381,#3383,#3384))
REPRESENTATION_CONTEXT('','3D')
);
#3379=(
GEOMETRIC_REPRESENTATION_CONTEXT(3)
GLOBAL_UNCERTAINTY_ASSIGNED_CONTEXT((#3368))
GLOBAL_UNIT_ASSIGNED_CONTEXT((#3381,#3383,#3384))
REPRESENTATION_CONTEXT('','3D')
);
#3380=(
GEOMETRIC_REPRESENTATION_CONTEXT(3)
GLOBAL_UNCERTAINTY_ASSIGNED_CONTEXT((#3369))
GLOBAL_UNIT_ASSIGNED_CONTEXT((#3381,#3383,#3384))
REPRESENTATION_CONTEXT('','3D')
);
#3381=(
LENGTH_UNIT()
NAMED_UNIT(*)
SI_UNIT(.MILLI.,.METRE.)
);
#3382=(
LENGTH_UNIT()
NAMED_UNIT(*)
SI_UNIT($,.METRE.)
);
#3383=(
NAMED_UNIT(*)
PLANE_ANGLE_UNIT()
SI_UNIT($,.RADIAN.)
);
#3384=(
NAMED_UNIT(*)
SI_UNIT($,.STERADIAN.)
SOLID_ANGLE_UNIT()
);
#3385=SHAPE_DEFINITION_REPRESENTATION(#3395,#3414);
#3386=SHAPE_DEFINITION_REPRESENTATION(#3396,#3415);
#3387=SHAPE_DEFINITION_REPRESENTATION(#3397,#3416);
#3388=SHAPE_DEFINITION_REPRESENTATION(#3398,#3417);
#3389=SHAPE_DEFINITION_REPRESENTATION(#3399,#3418);
#3390=SHAPE_DEFINITION_REPRESENTATION(#3400,#3419);
#3391=SHAPE_DEFINITION_REPRESENTATION(#3401,#3420);
#3392=SHAPE_DEFINITION_REPRESENTATION(#3402,#3421);
#3393=SHAPE_DEFINITION_REPRESENTATION(#3408,#3422);
#3394=SHAPE_DEFINITION_REPRESENTATION(#3409,#3423);
#3395=PRODUCT_DEFINITION_SHAPE('',$,#3425);
#3396=PRODUCT_DEFINITION_SHAPE('',$,#3426);
#3397=PRODUCT_DEFINITION_SHAPE('',$,#3427);
#3398=PRODUCT_DEFINITION_SHAPE('',$,#3428);
#3399=PRODUCT_DEFINITION_SHAPE('',$,#3429);
#3400=PRODUCT_DEFINITION_SHAPE('',$,#3430);
#3401=PRODUCT_DEFINITION_SHAPE('',$,#3431);
#3402=PRODUCT_DEFINITION_SHAPE('',$,#3432);
#3403=PRODUCT_DEFINITION_SHAPE($,$,#38);
#3404=PRODUCT_DEFINITION_SHAPE($,$,#39);
#3405=PRODUCT_DEFINITION_SHAPE($,$,#40);
#3406=PRODUCT_DEFINITION_SHAPE($,$,#41);
#3407=PRODUCT_DEFINITION_SHAPE($,$,#42);
#3408=PRODUCT_DEFINITION_SHAPE('',$,#3433);
#3409=PRODUCT_DEFINITION_SHAPE('',$,#3434);
#3410=PRODUCT_DEFINITION_SHAPE($,$,#43);
#3411=PRODUCT_DEFINITION_SHAPE($,$,#44);
#3412=PRODUCT_DEFINITION_SHAPE($,$,#45);
#3413=PRODUCT_DEFINITION_SHAPE($,$,#46);
#3414=SHAPE_REPRESENTATION('',(#2143,#2268,#2269,#2270),#3370);
#3415=SHAPE_REPRESENTATION('',(#2144),#3371);
#3416=SHAPE_REPRESENTATION('',(#2172,#2239,#2240,#2241,#2242,#2243),#3372);
#3417=SHAPE_REPRESENTATION('',(#2173),#3373);
#3418=SHAPE_REPRESENTATION('',(#2185),#3374);
#3419=SHAPE_REPRESENTATION('',(#2192),#3375);
#3420=SHAPE_REPRESENTATION('',(#2208),#3376);
#3421=SHAPE_REPRESENTATION('',(#2232),#3377);
#3422=SHAPE_REPRESENTATION('',(#2244,#2267),#3378);
#3423=SHAPE_REPRESENTATION('',(#2245),#3379);
#3424=PRODUCT_DEFINITION_CONTEXT('part definition',#3456,'design');
#3425=PRODUCT_DEFINITION('2026-07-23-06-56-56-206','EcoRover chase',#3435,
#3424);
#3426=PRODUCT_DEFINITION('2026-07-23-07-05-29-282','Layer 1',#3436,#3424);
#3427=PRODUCT_DEFINITION('2026-07-23-07-41-44-598','Layer2',#3437,#3424);
#3428=PRODUCT_DEFINITION('2026-07-25-00-08-45-969','Fridge Door',#3438,
#3424);
#3429=PRODUCT_DEFINITION('2026-07-25-11-26-26-812','Back Acsess panel',
#3439,#3424);
#3430=PRODUCT_DEFINITION('2026-07-25-11-28-53-302','Fridge box',#3440,#3424);
#3431=PRODUCT_DEFINITION('2026-07-25-11-41-59-662','The main box',#3441,
#3424);
#3432=PRODUCT_DEFINITION('2026-07-25-11-58-47-581','Side acsess panel',
#3442,#3424);
#3433=PRODUCT_DEFINITION('2026-07-28-09-39-32-071','Layer3',#3443,#3424);
#3434=PRODUCT_DEFINITION('2026-07-28-09-53-41-612','Emergency latch',#3444,
#3424);
#3435=PRODUCT_DEFINITION_FORMATION('',$,#3458);
#3436=PRODUCT_DEFINITION_FORMATION('',$,#3459);
#3437=PRODUCT_DEFINITION_FORMATION('',$,#3460);
#3438=PRODUCT_DEFINITION_FORMATION('',$,#3461);
#3439=PRODUCT_DEFINITION_FORMATION('',$,#3462);
#3440=PRODUCT_DEFINITION_FORMATION('',$,#3463);
#3441=PRODUCT_DEFINITION_FORMATION('',$,#3464);
#3442=PRODUCT_DEFINITION_FORMATION('',$,#3465);
#3443=PRODUCT_DEFINITION_FORMATION('',$,#3466);
#3444=PRODUCT_DEFINITION_FORMATION('',$,#3467);
#3445=PRODUCT_RELATED_PRODUCT_CATEGORY('EcoRover chase',
'EcoRover chase',(#3458));
#3446=PRODUCT_RELATED_PRODUCT_CATEGORY('Layer 1','Layer 1',(#3459));
#3447=PRODUCT_RELATED_PRODUCT_CATEGORY('Layer2','Layer2',(#3460));
#3448=PRODUCT_RELATED_PRODUCT_CATEGORY('Fridge Door','Fridge Door',(#3461));
#3449=PRODUCT_RELATED_PRODUCT_CATEGORY('Back Acsess panel',
'Back Acsess panel',(#3462));
#3450=PRODUCT_RELATED_PRODUCT_CATEGORY('Fridge box','Fridge box',(#3463));
#3451=PRODUCT_RELATED_PRODUCT_CATEGORY('The main box','The main box',(#3464));
#3452=PRODUCT_RELATED_PRODUCT_CATEGORY('Side acsess panel',
'Side acsess panel',(#3465));
#3453=PRODUCT_RELATED_PRODUCT_CATEGORY('Layer3','Layer3',(#3466));
#3454=PRODUCT_RELATED_PRODUCT_CATEGORY('Emergency latch',
'Emergency latch',(#3467));
#3455=APPLICATION_PROTOCOL_DEFINITION('international standard',
'automotive_design',2009,#3456);
#3456=APPLICATION_CONTEXT(
'Core Data for Automotive Mechanical Design Process');
#3457=PRODUCT_CONTEXT('part definition',#3456,'mechanical');
#3458=PRODUCT('2026-07-23-06-56-56-206','EcoRover chase',$,(#3457));
#3459=PRODUCT('2026-07-23-07-05-29-282','Layer 1',$,(#3457));
#3460=PRODUCT('2026-07-23-07-41-44-598','Layer2',$,(#3457));
#3461=PRODUCT('2026-07-25-00-08-45-969','Fridge Door',$,(#3457));
#3462=PRODUCT('2026-07-25-11-26-26-812','Back Acsess panel',$,(#3457));
#3463=PRODUCT('2026-07-25-11-28-53-302','Fridge box',$,(#3457));
#3464=PRODUCT('2026-07-25-11-41-59-662','The main box',$,(#3457));
#3465=PRODUCT('2026-07-25-11-58-47-581','Side acsess panel',$,(#3457));
#3466=PRODUCT('2026-07-28-09-39-32-071','Layer3',$,(#3457));
#3467=PRODUCT('2026-07-28-09-53-41-612','Emergency latch',$,(#3457));
#3468=PRESENTATION_STYLE_ASSIGNMENT((#3471));
#3469=PRESENTATION_STYLE_ASSIGNMENT((#3472));
#3470=PRESENTATION_STYLE_ASSIGNMENT((#3473));
#3471=SURFACE_STYLE_USAGE(.BOTH.,#3474);
#3472=SURFACE_STYLE_USAGE(.BOTH.,#3475);
#3473=SURFACE_STYLE_USAGE(.BOTH.,#3476);
#3474=SURFACE_SIDE_STYLE('',(#3477));
#3475=SURFACE_SIDE_STYLE('',(#3478));
#3476=SURFACE_SIDE_STYLE('',(#3479));
#3477=SURFACE_STYLE_FILL_AREA(#3480);
#3478=SURFACE_STYLE_FILL_AREA(#3481);
#3479=SURFACE_STYLE_FILL_AREA(#3482);
#3480=FILL_AREA_STYLE('Steel - Satin',(#3483));
#3481=FILL_AREA_STYLE('Cherry',(#3484));
#3482=FILL_AREA_STYLE('Plastic - Matte (White)',(#3485));
#3483=FILL_AREA_STYLE_COLOUR('Steel - Satin',#3486);
#3484=FILL_AREA_STYLE_COLOUR('Cherry',#3487);
#3485=FILL_AREA_STYLE_COLOUR('Plastic - Matte (White)',#3488);
#3486=COLOUR_RGB('Steel - Satin',0.627450980392157,0.627450980392157,0.627450980392157);
#3487=COLOUR_RGB('Cherry',0.,0.,0.);
#3488=COLOUR_RGB('Plastic - Matte (White)',0.964705882352941,0.964705882352941,
0.952941176470588);
ENDSEC;
END-ISO-10303-21;
